Country Name,Country Code,Indicator Name,Indicator Code,1960,1961,1962,1963,1964,1965,1966,1967,1968,1969,1970,1971,1972,1973,1974,1975,1976,1977,1978,1979,1980,1981,1982,1983,1984,1985,1986,1987,1988,1989,1990,1991,1992,1993,1994,1995,1996,1997,1998,1999,2000,2001,2002,2003,2004,2005,2006,2007,2008,2009,2010,2011,2012,2013,2014,2015,2016,2017,2018,2019,2020,2021,2022
Aruba,ABW,"Intentional homicides (per 100,000 people)",VC.IHR.PSRC.P5,,,,,,,,,,,,,,,,,,,,,,,,,,,,,,,0,,,,,7.787151201,,,,2.30237029,,4.4106053,5.447750624,4.314948059,2.138134157,6.35034874,5.229769942,3.099589821,5.102249071,4.03177035,3.98638649,1.97456757,3.917286496,5.832037325,1.930613742,,,,,,,,
Africa Eastern and Southern,AFE,"Intentional homicides (per 100,000 people)",VC.IHR.PSRC.P5,,,,,,,,,,,,,,,,,,,,,,,,,,,,,,,,,,,,,,,,,,,,,,,,,,,,,15.1,,10.5,10.3,,,,,,,
Afghanistan,AFG,"Intentional homicides (per 100,000 people)",VC.IHR.PSRC.P5,,,,,,,,,,,,,,,,,,,,,,,,,,,,,,,,,,,,,,,,,,,,,,,,,,4.07152631,3.48709272,4.208668305,6.393912575,,,9.97526212,6.69241862,6.800694686,6.743572835,7.180397166,6.594439084,4.022497858,
Africa Western and Central,AFW,"Intentional homicides (per 100,000 people)",VC.IHR.PSRC.P5,,,,,,,,,,,,,,,,,,,,,,,,,,,,,,,,,,,,,,,,,,,,,,,,,,,,,13.3,,8.1,8.1,,,,,,,
Angola,AGO,"Intentional homicides (per 100,000 people)",VC.IHR.PSRC.P5,,,,,,,,,,,,,,,,,,,,,,,,,,,,,,,,,,,,,,,,,,,,,,,,,,,,4.34888145,4.831609765,,,4.458235347,4.102248123,,,,,,
Albania,ALB,"Intentional homicides (per 100,000 people)",VC.IHR.PSRC.P5,,,,,,,,,,,,,,,,,,,,,,,,,,,,,,,,,3.934935538,5.786632908,3.400122981,7.885849437,8.314658468,40.9992381,20.41968328,16.5821972,4.116881082,6.976127691,6.915206443,5.366973263,4.277379925,5.078093829,3.163095532,3.528126815,3.150738442,2.900487845,4.084575425,4.895447716,5.428406749,4.295095209,4.646160226,2.220309903,2.742043475,2.014340017,2.294045943,2.26174791,2.127772012,2.311968641,
Andorra,AND,"Intentional homicides (per 100,000 people)",VC.IHR.PSRC.P5,,,,,,,,,,,,,,,,,,,,,,,,,,,,,,,,,,,,,,,,,,,,,1.299823874,,,0,1.314837946,0,0,1.417082935,0,0,0,0,,,,,2.574002574,,
Arab World,ARB,"Intentional homicides (per 100,000 people)",VC.IHR.PSRC.P5,,,,,,,,,,,,,,,,,,,,,,,,,,,,,,,,,,,,,,,,,,,,,,,,,,,,,4.7,,4.2,3.8,,,,,,,
United Arab Emirates,ARE,"Intentional homicides (per 100,000 people)",VC.IHR.PSRC.P5,,,,,,,,,,,,,,,,,,,,,,,,,,,,,,,,,,,,,,,,,,,,,,,,,,,0.789929367,0.594737968,0.796309785,0.651291056,0.690361417,0.672879664,,,,0.694771853,0.699881311,0.469827241,
Argentina,ARG,"Intentional homicides (per 100,000 people)",VC.IHR.PSRC.P5,,,,,,,,,,,,,,,,,,,,,,,,,,,,,,,,,,,,,,,,,,8.348342808,9.423247622,7.751155564,6.046218687,5.625727779,5.347437734,5.3641138,5.887206633,6.493899366,5.800469259,6.047580077,6.311920675,7.247288159,7.537819838,6.558466154,6.011233587,5.259380765,5.367725685,5.155823421,5.366813844,4.622678556,
Armenia,ARM,"Intentional homicides (per 100,000 people)",VC.IHR.PSRC.P5,,,,,,,,,,,,,,,,,,,,,,,,,,,,,,,5.004864982,5.141486238,8.532529429,7.751602781,4.653625745,3.491050046,3.455699972,3.056778437,2.869883199,2.807210601,2.87200016,2.808689767,2.222195384,,2.707335411,1.903357983,2.61028754,2.562913707,3.251301652,3.27227725,1.900693516,2.42405537,2.230288623,2.171377148,2.491410258,2.605438175,3.035764446,2.45448422,1.762700344,2.588100446,1.85343037,2.185617312,
American Samoa,ASM,"Intentional homicides (per 100,000 people)",VC.IHR.PSRC.P5,,,,,,,,,,,,,,,,,,,,,,,,,,,,,,,,,,,,,,,,,,1.714560044,12.03224642,5.177725425,6.941371441,10.47961714,7.037607214,1.773599965,5.367638507,3.612325254,9.115853381,9.20640766,3.724984402,5.660911407,5.74531039,7.786949073,0,14.1519924,26.84619197,0,,,
Antigua and Barbuda,ATG,"Intentional homicides (per 100,000 people)",VC.IHR.PSRC.P5,,,,,,,,,,,,,,,,,,,,,,,,,,,,,,,1.579080344,4.714460823,3.093150219,6.075933985,7.454675573,10.23421737,4.298117425,1.404149261,,,6.66178136,9.184543725,6.477103439,6.404139636,5.067075411,3.756150697,13.59778974,20.72778926,19.21898836,18.92740748,7.001575354,,11.40589,,,,,21.94931902,13.09679074,3.256745534,9.712509713,17.16379084,
Australia,AUS,"Intentional homicides (per 100,000 people)",VC.IHR.PSRC.P5,,,,,,,,,,,,,,,,,,,,,,,,,,,,,,,2.193805339,1.968608169,1.723693234,1.888664048,1.797197091,1.977448313,1.943789826,1.977159409,1.795538002,2.047775234,1.903463583,1.802771358,1.879251035,1.533072823,1.319946102,1.283975116,1.372939796,1.224147211,1.228358246,1.214169758,1.049085936,1.109270577,1.069106094,1.060065404,1.035382845,0.990754227,0.938183173,0.845860834,0.884735038,0.887322994,0.860925459,0.744567483,
Austria,AUT,"Intentional homicides (per 100,000 people)",VC.IHR.PSRC.P5,,,,,,,,,,,,,,,,,,,,,,,,,,,,,,,1.159045983,1.328066111,1.237116058,1.011982185,1.108959701,0.981465959,1.244024754,0.828407551,0.965412892,0.750809326,1.023665588,0.870687322,0.804555816,0.61575566,0.722046711,0.656372597,0.737805333,0.542513661,0.697020591,0.611295628,0.729418239,0.917628046,0.960895526,0.71937873,0.491454225,0.509116601,0.618097447,0.795680953,0.972794281,0.867123025,0.729699453,0.728529507,
Azerbaijan,AZE,"Intentional homicides (per 100,000 people)",VC.IHR.PSRC.P5,,,,,,,,,,,,,,,,,,,,,,,,,,,,,,,4.429284653,4.735836499,7.378974998,6.175625221,6.379540876,5.615178982,5.032015254,3.54997271,3.482112605,2.987119774,2.759349218,2.632207131,2.532211946,,,,,2.128759302,2.133405395,,2.230112418,2.254510878,2.129549118,2.298616612,2.422530229,2.139204419,1.694023645,1.807067361,1.940404657,1.641786917,2.236277062,1.910211896,
Burundi,BDI,"Intentional homicides (per 100,000 people)",VC.IHR.PSRC.P5,,,,,,,,,,,,,,,,,,,,,,,,,,,,,,,,,,,,,,,,,,,,,,,,,,,,,5.104395609,5.123365973,5.374032418,4.297507394,5.823910178,,,,,,
Belgium,BEL,"Intentional homicides (per 100,000 people)",VC.IHR.PSRC.P5,,,,,,,,,,,,,,,,,,,,,,,,,,,,,,,1.040930784,1.023645979,1.207521221,1.440788372,1.191755199,1.40660936,1.185392468,1.427885973,,,2.065402631,2.735406063,3.080468252,,,,,,,,,,,,,,,,,,,1.076526432,
Benin,BEN,"Intentional homicides (per 100,000 people)",VC.IHR.PSRC.P5,,,,,,,,,,,,,,,,,,,,,,,,,,,,,,,,,,,,,,,,,,,,,,,,,,,,,,,,,,1.127497407,,,,,
Burkina Faso,BFA,"Intentional homicides (per 100,000 people)",VC.IHR.PSRC.P5,,,,,,,,,,,,,,,,,,,,,,,,,,,,,,,,,,,,,,,,,,,0.634502437,0.640082234,0.598592111,0.469380905,0.498945237,0.659555211,1.027929386,0.891613012,0.78819825,0.559634844,0.693972912,0.708730049,0.739223164,0.646029931,1.120862796,1.25044052,,,,,
Bangladesh,BGD,"Intentional homicides (per 100,000 people)",VC.IHR.PSRC.P5,,,,,,,,,,,,,,,,,,,,,,,,,,,,,,,,,,,,,,,,,2.587594946,2.793336736,2.611454111,2.542797429,2.811447317,2.549098,2.920868082,2.680108903,2.818706402,2.875803789,2.687491998,2.640285901,2.704965765,2.852039227,2.894307782,2.556548193,2.247401006,2.193530539,2.339874993,,,,
Bulgaria,BGR,"Intentional homicides (per 100,000 people)",VC.IHR.PSRC.P5,,,,,,,,,,,,,,,,,,,,,,,,,,,,,,,2.589025554,4.29963996,5.329616906,5.690042153,5.755418575,5.827134974,5.213431705,4.784248715,4.62663482,4.006223245,4.099933913,3.833296172,3.197568343,3.119577248,3.102227355,2.546312987,2.395044267,2.293032595,2.241067749,1.964704606,1.949350474,1.696908313,1.882926319,1.46679509,1.519232912,1.72384225,1.09026053,1.434055348,1.292601312,1.176882289,0.988655607,1.277979862,
Bahrain,BHR,"Intentional homicides (per 100,000 people)",VC.IHR.PSRC.P5,,,,,,,,,,,,,,,,,,,,,,,,,,,,,,,,,,,,0.815748515,1.264310413,0.919339455,,,,1.232442825,1.069054935,,,,,0.38441874,0.540373317,1.10220632,0.164792903,0.990036112,0.734730164,0.871858239,0.686428433,0.220241355,0.283756165,0.411852002,0.336170726,0.267703841,0,0.068340298,
"Bahamas, The",BHS,"Intentional homicides (per 100,000 people)",VC.IHR.PSRC.P5,,,,,,,,,,,,,,,,,,,,,,,,,,,,,,,16.62485823,10.14281445,14.54042504,12.14584031,17.68728539,13.35318507,16.72501291,14.83055287,,,22.76824998,13.04508746,15.56876905,14.77146331,12.82464197,14.95094939,17.29689266,21.80802507,20.12155625,23.63767519,25.18270859,33.60232835,28.79121397,30.85699468,31.35190977,37.17874445,28.03196654,30.57490853,22.64208218,23.48247589,17.95943873,29.17342375,
Bosnia and Herzegovina,BIH,"Intentional homicides (per 100,000 people)",VC.IHR.PSRC.P5,,,,,,,,,,,,,,,,,,,,,,,,,,,,,,,1.624275848,,,,,,,,,,2.368789405,1.954739672,2.143668675,,1.641378178,,,1.64675774,1.673686217,1.830958674,1.469396666,1.362491907,1.714577776,1.271575843,1.400141554,1.617331437,1.292737173,1.22092065,1.147015304,1.249735361,1.295802279,0.978311148,
Belarus,BLR,"Intentional homicides (per 100,000 people)",VC.IHR.PSRC.P5,,,,,,,,,,,,,,,,,,,,,,,,,,,,,,,4.871254564,4.446519912,5.670153159,7.213407664,7.913783104,9.176332403,9.294340159,9.816436012,10.00244654,9.448712264,9.876680431,9.49887457,9.757890362,,,,,6.604935118,5.639658899,4.990926404,4.120670072,3.842595147,3.507414933,3.436129498,3.50741837,3.360613751,3.162304506,2.472219464,2.330960618,2.325828763,,,
Belize,BLZ,"Intentional homicides (per 100,000 people)",VC.IHR.PSRC.P5,,,,,,,,,,,,,,,,,,,,,,,,,,,,,,,,,,,,,,,,,17.05448283,25.79610197,33.98610086,25.37898014,29.03040292,28.88987963,31.86373405,32.64086468,33.69630469,30.87495484,40.04886583,37.62849448,43.01917468,28.72166818,34.90995785,33.06740471,37.57018887,37.89764167,37.42808834,34.43889025,25.8279831,31.24757831,
Bermuda,BMU,"Intentional homicides (per 100,000 people)",VC.IHR.PSRC.P5,,,,,,,,,,,,,,,,,,,,,,,,,,,,,,,1.740038281,5.18367488,1.714604141,5.107295772,10.15030916,,6.684436126,3.320769754,0,3.279683183,0,4.857277011,1.609282341,3.201664866,1.593866801,3.17669576,4.755827871,4.750180111,7.904201083,9.47066855,11.03283055,12.59188138,9.439825049,7.873271817,6.313629548,6.334726973,12.68472125,7.902015014,,0,10.93229008,10.90597492,
Bolivia,BOL,"Intentional homicides (per 100,000 people)",VC.IHR.PSRC.P5,,,,,,,,,,,,,,,,,,,,,,,,,,,,,,,,,,,,,,,,,,,,,,,,,,,,,,,,4.896265227,5.700072063,6.532270663,4.94533211,4.219977313,3.493585291,3.493530181,
Brazil,BRA,"Intentional homicides (per 100,000 people)",VC.IHR.PSRC.P5,,,,,,,,,,,,,,,,,,,,,,,,,,,,,,,19.44255874,18.35732723,16.65600298,17.68025536,18.54349882,20.79321315,23.42488199,24.03310081,24.52645474,24.73624989,25.7997614,26.90898025,27.54372392,27.96046754,26.19828106,25.47841509,26.03793159,25.0189417,26.02086318,26.45571076,26.63003314,26.35563761,28.19714307,28.17990386,29.35864672,28.35640577,29.58915444,30.59303721,26.63601257,20.8104642,22.3840654,,
Barbados,BRB,"Intentional homicides (per 100,000 people)",VC.IHR.PSRC.P5,,,,,,,,,,,,,,,,,,,,,,,,,,,,,,,13.13410696,8.095542825,8.454628429,8.046115738,7.64200274,6.481041999,,,7.586059099,8.706531223,7.556951073,9.420577934,9.382447318,12.33649472,8.193515949,10.76158633,12.94256644,9.2100028,8.436172105,6.939587241,11.28458635,9.800843236,7.965314675,8.668484641,9.009236269,11.14775085,7.895237377,10.745486,10.01113739,17.13187439,14.60670555,11.37982109,
Brunei Darussalam,BRN,"Intentional homicides (per 100,000 people)",VC.IHR.PSRC.P5,,,,,,,,,,,,,,,,,,,,,,,,,,,,,,,,,,,,,2.939293786,2.554156091,1.249404581,1.223075147,1.197868393,,,0.84735111,0.554845815,0.545378936,0.804703762,0.792082345,0.260032036,0.768617846,0.252491778,0.249062281,0.983685575,0.485787674,,,,,,,,,
Bhutan,BTN,"Intentional homicides (per 100,000 people)",VC.IHR.PSRC.P5,,,,,,,,,,,,,,,,,,,,,,,,,,,,,,,3.581392517,2.113755262,4.945562182,3.647967314,3.836860527,3.032968366,2.232583061,1.280023406,1.97436024,2.276747404,3.065358553,3.149689838,3.06922888,0.787864368,2.307724261,1.65831729,1.336780246,2.053949929,2.60969036,2.293323204,2.26784207,4.485999127,4.57605296,3.292684684,,1.614478644,1.200381721,1.719300403,1.180952806,1.042400962,2.459527822,,
Botswana,BWA,"Intentional homicides (per 100,000 people)",VC.IHR.PSRC.P5,,,,,,,,,,,,,,,,,,,,,,,,,,,,,,,,,,,,,,,,,,12.08901602,14.2050954,17.07845167,13.93158462,15.37399217,13.53240661,14.23504189,13.99876452,14.10446184,14.48607078,,,,,,,,,,8.678912442,10.54696238,
Central African Republic,CAF,"Intentional homicides (per 100,000 people)",VC.IHR.PSRC.P5,,,,,,,,,,,,,,,,,,,,,,,,,,,,,,,,,,,,,,,,,,,,,,,,,,,,,,,,,20.12040065,,,,,,
Canada,CAN,"Intentional homicides (per 100,000 people)",VC.IHR.PSRC.P5,,,,,,,,,,,,,,,,,,,,,,,,,,,,,,,2.375511234,2.691342254,2.585753125,2.183606684,2.056506413,2.004136476,2.142337078,1.960997434,1.854382107,1.773039293,1.779468889,1.786937535,1.858095284,1.736273085,1.95853125,2.061093032,1.868936695,1.816662621,1.848365373,1.815804927,1.640000103,1.774292977,1.582502948,1.451644095,1.482857825,1.709945834,1.705731802,1.819209056,1.787486053,1.836227459,2.003235529,2.065259474,
Central Europe and the Baltics,CEB,"Intentional homicides (per 100,000 people)",VC.IHR.PSRC.P5,,,,,,,,,,,,,,,,,,,,,,,,,,,,,,,,,,,,,,,,,,,,,,,,,,,,,1.6,,1.3,1.3,,,,,,,
Switzerland,CHE,"Intentional homicides (per 100,000 people)",VC.IHR.PSRC.P5,,,,,,,,,,,,,,,,,,,,,,,,,,,,,,,1.638930744,1.44215353,1.353085668,1.513814422,1.144240448,1.165054558,1.174025852,1.227600264,1.06918454,1.246115079,0.960727279,1.190409782,1.181890145,,,,,,,0.659391382,0.664754602,0.581470164,0.562799832,0.704715797,0.500745561,0.688261827,0.537448324,0.53243808,0.587238095,0.536406335,0.544068822,0.483235941,
Channel Islands,CHI,"Intentional homicides (per 100,000 people)",VC.IHR.PSRC.P5,,,,,,,,,,,,,,,,,,,,,,,,,,,,,,,,,,,,,,,,,,,,,,0.659308781,1.307198086,,0.639218619,,0,,,,,,,,,,,,
Chile,CHL,"Intentional homicides (per 100,000 people)",VC.IHR.PSRC.P5,,,,,,,,,,,,,,,,,,,,,,,,,,,,,,,,,,,,,,,,,,,,3.234733547,,3.560982537,3.611970425,3.734343077,3.529102174,3.742548986,3.181574017,3.703364466,2.502627903,3.175342075,2.476379971,2.344695538,3.428467879,4.240938207,4.411422526,3.944434318,4.797849279,3.632038675,
China,CHN,"Intentional homicides (per 100,000 people)",VC.IHR.PSRC.P5,,,,,,,,,,,,,,,,,,,,,,,,,,,,,,,,,,,,2.245710723,2.06879623,2.10615362,,,,,2.051328299,1.892583138,1.905512151,1.591708022,1.368759718,1.219738079,1.113469087,1.095266945,0.994665915,0.885346696,0.825868842,0.773199449,0.727914756,0.66010605,0.615882984,0.566555784,0.531025484,0.518966641,0.502270364,,
Cote d'Ivoire,CIV,"Intentional homicides (per 100,000 people)",VC.IHR.PSRC.P5,,,,,,,,,,,,,,,,,,,,,,,,,,,,,,,,,,,,,,,,,,,,,,,,,,,,,,,,,,,,,,,
Cameroon,CMR,"Intentional homicides (per 100,000 people)",VC.IHR.PSRC.P5,,,,,,,,,,,,,,,,,,,,,,,,,,,,,,,,,,,,,,,,,3.041428127,4.87308895,6.478558892,6.126819289,,,,,4.132697729,6.609979236,5.025647277,4.083354618,4.183964348,,,3.741421049,3.319046392,4.115904274,,,4.537375241,,
"Congo, Dem. Rep.",COD,"Intentional homicides (per 100,000 people)",VC.IHR.PSRC.P5,,,,,,,,,,,,,,,,,,,,,,,,,,,,,,,,,,,,,,,,,,,,,,,,,,,,,,,,,,,,,,,
"Congo, Rep.",COG,"Intentional homicides (per 100,000 people)",VC.IHR.PSRC.P5,,,,,,,,,,,,,,,,,,,,,,,,,,,,,,,,,,,,,,,,,,,,,,,,,,,,,,,,,,,,,,,
Colombia,COL,"Intentional homicides (per 100,000 people)",VC.IHR.PSRC.P5,,,,,,,,,,,,,,,,,,,,,,,,,,,,,,,74.6287141,85.42757857,83.04301132,82.16443084,76.72091321,62.05431561,63.74108638,62.21182534,60.84953558,63.12032958,67.67540048,69.88324553,70.17097262,57.2925608,48.52542669,42.89577636,40.86465056,39.71220864,36.83643661,35.69307583,34.49429388,35.59344892,35.90898226,33.35356924,28.58523319,27.12876441,26.04042243,25.43448835,26.23132516,25.75347264,24.24276338,27.48436513,
Comoros,COM,"Intentional homicides (per 100,000 people)",VC.IHR.PSRC.P5,,,,,,,,,,,,,,,,,,,,,,,,,,,,,,,,,,,,,,,,,,,,,,,,,,,,,,,,,,,,,,,
Cabo Verde,CPV,"Intentional homicides (per 100,000 people)",VC.IHR.PSRC.P5,,,,,,,,,,,,,,,,,,,,,,,,,,,,,,,,,,,,,,,,,,,,3.12442068,4.315810458,8.92807321,7.015658951,,,,,,,10.00111123,11.90310506,8.330828048,11.10326122,6.726211338,5.427156616,5.718935134,6.178772484,,
Costa Rica,CRI,"Intentional homicides (per 100,000 people)",VC.IHR.PSRC.P5,,,,,,,,,,,,,,,,,,,,,,,,,,,,,,,4.401166657,4.074810433,4.816463394,4.698458788,5.216167137,5.149941671,5.16925339,5.615841916,5.86169309,6.279748708,6.257550998,6.340633903,6.258151667,7.162279711,6.583898441,7.762019719,8.017045472,8.310775247,11.3729228,11.50526695,11.40137009,10.1283642,8.592673194,8.577627003,9.846647242,11.37839559,11.68808978,12.07487262,11.6054527,11.07279992,11.12606515,11.40870985,
Caribbean small states,CSS,"Intentional homicides (per 100,000 people)",VC.IHR.PSRC.P5,,,,,,,,,,,,,,,,,,,,,,,,,,,,,,,,,,,,,,,,,,,,,,,,,,,,,29,,27.4,31.5,,,,,,,
Cuba,CUB,"Intentional homicides (per 100,000 people)",VC.IHR.PSRC.P5,,,,,,,,,,,,,,,,,,,,,,,,,,,,,,,,,6.240872839,7.397886566,8.275768444,7.797411534,6.676985589,6.792064359,7.413611935,5.501308051,5.285530765,5.431305344,5.917609508,5.732543623,5.879578482,6.082100893,5.115166736,5.039979549,4.566975764,5.007451353,4.472819539,4.726203048,5.491060889,5.953232939,5.29472841,5.458604816,5.043197144,4.55170753,4.334299297,4.418250503,,,
Curacao,CUW,"Intentional homicides (per 100,000 people)",VC.IHR.PSRC.P5,,,,,,,,,,,,,,,,,,,,,,,,,,,,,,,,,,,,,,,,,,7.110807717,27.58474351,30.04723705,28.25968584,17.65548712,12.02694035,17.09182583,,,,,,,,,,,,,,,
Cayman Islands,CYM,"Intentional homicides (per 100,000 people)",VC.IHR.PSRC.P5,,,,,,,,,,,,,,,,,,,,,,,,,,,,,,,7.684180194,7.315155173,3.487175911,6.658122077,6.365878889,6.097189196,2.92453244,5.62129346,2.706616324,0,10.08611017,4.871573153,0,6.839555429,11.0408179,6.420339636,2.075679266,4.028440792,7.824266964,15.20869177,16.64401232,,,8.589294304,8.394966378,,,4.718390714,10.78848406,3.024163063,4.456956938,,
Cyprus,CYP,"Intentional homicides (per 100,000 people)",VC.IHR.PSRC.P5,,,,,,,,,,,,,,,,,,,,,,,,,,,,,,,0.634115409,0.125146969,0.246782268,0.605337503,0.828947805,1.043578081,1.136288099,0.668545651,0.765311701,1.07342207,0.843670494,0.725516412,0.203625657,,1.570653132,1.928525936,1.42121091,1.210571455,0.823881581,1.71021104,0.708161696,0.785967168,1.902198466,1.028305391,0.934583409,1.263391955,1.08524925,0.579219427,1.230687437,1.220666867,1.212084972,1.285979289,
Czechia,CZE,"Intentional homicides (per 100,000 people)",VC.IHR.PSRC.P5,,,,,,,,,,,,,,,,,,,,,,,,,,,,,,,,,,,2.005560829,1.706798742,1.680321138,1.819235241,1.695273184,1.678188439,1.866198456,1.319612491,1.357664504,1.590548434,1.30591573,1.050572109,1.26154618,1.218824571,1.098415843,0.901980615,0.984256765,0.81933021,0.998947347,0.855956542,0.770168319,0.83620005,0.617425231,0.626702958,,0.920576896,0.731177856,0.447161218,
Germany,DEU,"Intentional homicides (per 100,000 people)",VC.IHR.PSRC.P5,,,,,,,,,,,,,,,,,,,,,,,,,,,,,,,1.172984378,1.412245528,1.443799722,1.673006883,2.409679488,2.504830227,2.365288487,2.210322311,1.96505627,1.62585746,1.672559106,1.448820771,1.439035721,1.34854705,1.368334594,1.285521647,1.21708127,1.093813872,1.023178729,0.988178591,0.975098829,0.906373597,0.808137139,0.834959673,0.874676616,0.830965265,1.169662774,0.983971146,0.950580714,0.749265098,0.93844894,0.833247865,
Djibouti,DJI,"Intentional homicides (per 100,000 people)",VC.IHR.PSRC.P5,,,,,,,,,,,,,,,,,,,,,,,,,,,,,,,,,,,,,,,,,,,,,,,,,,,,,,,,,,,,,,,
Dominica,DMA,"Intentional homicides (per 100,000 people)",VC.IHR.PSRC.P5,,,,,,,,,,,,,,,,,,,,,,,,,,,,,,,,,,,,,,,13.05520903,10.18959933,2.926286835,1.467297605,13.18449503,11.68864375,11.66622918,11.64932616,7.273573652,10.17811705,10.17708121,18.89905723,21.81659516,8.728288383,,,12.97372101,12.85594909,22.83267927,26.98748633,18.35574853,18.2001456,20.83492489,13.80977041,
Denmark,DNK,"Intentional homicides (per 100,000 people)",VC.IHR.PSRC.P5,,,,,,,,,,,,,,,,,,,,,,,,,,,,,,,0.796948504,1.31825738,1.197959064,1.367020966,1.438490299,1.126987306,1.293757667,1.667493623,0.92470417,0.977470434,1.086009113,0.970013796,0.892409444,,,,,,,,0.756641079,0.824961765,0.839141936,0.853275007,1.309583274,1.091973012,0.981275683,1.237519248,1.005776975,1.138740325,0.944102117,0.80283685,
Dominican Republic,DOM,"Intentional homicides (per 100,000 people)",VC.IHR.PSRC.P5,,,,,,,,,,,,,,,,,,,,,,,,,,,,,,,,12.47526586,10.86526266,12.27548728,13.01150424,12.79582726,12.880175,12.73607755,13.53517282,12.67331592,14.16730522,12.63115712,14.54218661,21.32322375,24.75913476,26.12177417,23.0930763,22.45217771,25.13927542,24.61634519,25.30750822,25.37426024,22.61017413,19.47415643,17.60338218,,15.35013968,11.42079584,9.920551523,9.4285157,8.736630898,10.54158423,
Algeria,DZA,"Intentional homicides (per 100,000 people)",VC.IHR.PSRC.P5,,,,,,,,,,,,,,,,,,,,,,,,,,,,,,,,,,,,,,,,,,,,,,,0.933151634,0.797438134,0.948810749,0.787020436,0.708382326,0.766209263,1.403628837,1.26313707,1.488641658,1.380769964,1.343601939,1.273806508,1.354735386,1.215303879,1.505120655,1.573182343,
East Asia & Pacific (excluding high income),EAP,"Intentional homicides (per 100,000 people)",VC.IHR.PSRC.P5,,,,,,,,,,,,,,,,,,,,,,,,,,,,,,,,,,,,,,,,,,,,,,,,,,,,,2.1,,1.6,1.5,,,,,,,
Early-demographic dividend,EAR,"Intentional homicides (per 100,000 people)",VC.IHR.PSRC.P5,,,,,,,,,,,,,,,,,,,,,,,,,,,,,,,,,,,,,,,,,,,,,,,,,,,,,6.8,,6.3,6,,,,,,,
East Asia & Pacific,EAS,"Intentional homicides (per 100,000 people)",VC.IHR.PSRC.P5,,,,,,,,,,,,,,,,,,,,,,,,,,,,,,,,,,,,,,,,,,,,,,,,,,,1.5,1.5,1.4,1.4,1.4,1.3,1.3,1.2,1,1,1,0.9,
Europe & Central Asia (excluding high income),ECA,"Intentional homicides (per 100,000 people)",VC.IHR.PSRC.P5,,,,,,,,,,,,,,,,,,,,,,,,,,,,,,,,,,,,,,,,,,,,,,,,,,,,,5.8,,5.7,6.4,,,,,,,
Europe & Central Asia,ECS,"Intentional homicides (per 100,000 people)",VC.IHR.PSRC.P5,,,,,,,,,,,,,,,,,,,,,,,,,,,,,,,,,,,,,,,,,,,,,,,,,,,3.7,3.5,3.5,3.4,3.4,3.3,3.3,2.9,2.7,2.5,2.5,2.5,
Ecuador,ECU,"Intentional homicides (per 100,000 people)",VC.IHR.PSRC.P5,,,,,,,,,,,,,,,,,,,,,,,,,,,,,,,8.536017905,10.78953675,8.566803937,8.317742058,10.03731873,11.86791395,12.4214217,10.98249841,13.46585029,13.55135165,14.51707903,12.90722268,14.58233563,,,,,15.94882287,17.98328279,17.80534263,17.50548739,15.37630807,12.41290702,10.97119603,8.209051839,6.483121471,5.83348059,5.809446327,5.841673659,6.843967713,7.800509142,14.02425488,
"Egypt, Arab Rep.",EGY,"Intentional homicides (per 100,000 people)",VC.IHR.PSRC.P5,,,,,,,,,,,,,,,,,,,,,,,,,,,,,,,0.470159464,0.491375071,0.46008326,0.397509376,0.367975919,,,,,,,,,0.620036071,0.415363675,0.660130202,0.680890798,0.827061898,1.153321615,1.066653399,2.107678087,3.030267224,2.41888524,,3.023255298,1.750852941,1.535315829,1.336092161,,,,,
Euro area,EMU,"Intentional homicides (per 100,000 people)",VC.IHR.PSRC.P5,,,,,,,,,,,,,,,,,,,,,,,,,,,,,,,,,,,,,,,,,,,,,,,,,,,,,1.1,,1,1,,,,,,,
Eritrea,ERI,"Intentional homicides (per 100,000 people)",VC.IHR.PSRC.P5,,,,,,,,,,,,,,,,,,,,,,,,,,,,,,,,,,,,,,,,,,,,,,,,,,,,,14.57297494,,,,,,,,,,
Spain,ESP,"Intentional homicides (per 100,000 people)",VC.IHR.PSRC.P5,,,,,,,,,,,,,,,,,,,,,,,,,,,,,,,1.244431406,1.127007716,1.124349073,1.201901543,1.082684679,1.032285339,0.992587534,1.152313165,1.293284251,1.198749985,1.357333293,1.408469631,1.35976829,1.3899982,1.210437716,1.185751552,1.071521083,1.065292672,0.885426699,0.888548192,0.861018098,0.823895406,0.778508353,0.648020569,0.695153602,0.650422725,0.632621107,0.65902216,0.617626377,0.702292308,0.629172397,0.610694289,
Estonia,EST,"Intentional homicides (per 100,000 people)",VC.IHR.PSRC.P5,,,,,,,,,,,,,,,,,,,,,,,,,,,,,,,7.51269837,7.600788694,14.08741925,18.7445723,20.46448971,16.93311077,14.91632222,12.52207191,13.88941545,11.18633187,10.23712547,9.870356115,10.29552507,,,,,7.161108913,6.432258224,5.245207847,5.257090501,4.89668374,4.763049622,3.945427155,3.118994984,3.422947363,2.50774075,2.201057494,2.117766739,1.959249864,3.159215431,1.956798407,
Ethiopia,ETH,"Intentional homicides (per 100,000 people)",VC.IHR.PSRC.P5,,,,,,,,,,,,,,,,,,,,,,,,,,,,,,,,,,,,,,,,,,,,,,,,,,,,,8.63196353,,,,,,,,,,
European Union,EUU,"Intentional homicides (per 100,000 people)",VC.IHR.PSRC.P5,,,,,,,,,,,,,,,,,,,,,,,,,,,,,,,,,,,,,,,,,,,,,,,,,,,,,1.1,,1,1,,,,,,,
Fragile and conflict affected situations,FCS,"Intentional homicides (per 100,000 people)",VC.IHR.PSRC.P5,,,,,,,,,,,,,,,,,,,,,,,,,,,,,,,,,,,,,,,,,,,,,,,,,,,,,15.3,,10.5,9.5,,,,,,,
Finland,FIN,"Intentional homicides (per 100,000 people)",VC.IHR.PSRC.P5,,,,,,,,,,,,,,,,,,,,,,,,,,,,,,,3.048202714,3.071489517,3.093936064,2.565820702,2.88887273,2.858293446,2.985529839,2.704310408,2.19266565,2.768371874,2.859235398,3.006937641,2.538170869,1.975833826,2.830834134,2.268364267,2.259672228,2.439167816,2.503128676,2.247689796,2.200149666,2.041510971,1.643929187,1.636368868,1.611296802,1.496497557,1.34662513,1.216381684,1.559253161,1.466982968,1.645727943,,
Fiji,FJI,"Intentional homicides (per 100,000 people)",VC.IHR.PSRC.P5,,,,,,,,,,,,,,,,,,,,,,,,,,,,,,,4.100303679,2.166068662,3.304278978,1.900662508,4.425878237,3.029362092,1.632061727,1.615765898,,,,,,2.91271581,2.653760927,2.628801261,2.491272055,2.357833847,1.895775821,3.217280122,2.209530922,2.201783555,2.195247509,2.080019443,2.184455415,,,,,,2.172916336,,
France,FRA,"Intentional homicides (per 100,000 people)",VC.IHR.PSRC.P5,,,,,,,,,,,,,,,,,,,,,,,,,,,,,,,2.401933019,2.392081993,2.36001489,2.662402546,2.456750682,2.326701086,2.032168375,1.664956081,1.654604511,1.633185843,1.791514335,1.774132062,1.884701857,1.652484059,1.647023335,1.612954417,1.442896035,1.619126221,1.654217934,1.31898297,1.274730594,1.363594327,1.243035365,1.226806334,1.245508405,1.585964055,1.217390681,1.106883017,1.082799845,1.169259043,1.07320011,1.137429995,
Faroe Islands,FRO,"Intentional homicides (per 100,000 people)",VC.IHR.PSRC.P5,,,,,,,,,,,,,,,,,,,,,,,,,,,,,,,,,,,,,,,,,,,,,,,,,,,,,,,,,,,,,,,
"Micronesia, Fed. Sts.",FSM,"Intentional homicides (per 100,000 people)",VC.IHR.PSRC.P5,,,,,,,,,,,,,,,,,,,,,,,,,,,,,,,,,,,,,,,,,,,,,,,,,,,,,,,,,,,,0.89783935,,,
Gabon,GAB,"Intentional homicides (per 100,000 people)",VC.IHR.PSRC.P5,,,,,,,,,,,,,,,,,,,,,,,,,,,,,,,,,,,,,,,,,,,,,,,,,,,,,,,,,,,,,,,
United Kingdom,GBR,"Intentional homicides (per 100,000 people)",VC.IHR.PSRC.P5,,,,,,,,,,,,,,,,,,,,,,,,,,,,,,,1.247056699,1.279957,1.510921188,1.535193331,1.590353356,1.55358941,1.446316191,1.484973506,1.576020639,1.569023318,1.554799191,1.634738608,1.865027599,1.552394166,1.583442842,1.381166485,1.414387611,1.425057732,1.234164981,1.134257215,1.204588171,1.012856451,0.982624211,0.937758102,0.909322429,0.999626459,1.201732633,1.224555202,1.136483485,1.150068018,1.003586756,,
Georgia,GEO,"Intentional homicides (per 100,000 people)",VC.IHR.PSRC.P5,,,,,,,,,,,,,,,,,,,,,,,,,,,,,,,5.007756923,7.872824017,14.69654264,17.12331773,11.56482716,8.016112591,5.67075353,6.142199019,5.378003964,5.552394408,5.603525485,6.345787766,7.190121463,,7.470807132,10.17373226,8.210749345,8.447523154,6.778877276,5.44718892,4.873813832,,,,,,1.034178266,2.412577216,2.359287707,2.042001315,,,
Ghana,GHA,"Intentional homicides (per 100,000 people)",VC.IHR.PSRC.P5,,,,,,,,,,,,,,,,,,,,,,,,,,,,,,,,,,,,,,,,,,2.144033815,1.931754998,2.044115961,2.063319816,1.746903391,1.783658965,1.682953495,1.767649684,1.711370579,1.650067006,1.614137802,2.084980685,2.001773113,1.925780593,1.818437565,1.857597553,2.015070911,1.619661892,1.81141662,1.724652192,1.836565107,
Gibraltar,GIB,"Intentional homicides (per 100,000 people)",VC.IHR.PSRC.P5,,,,,,,,,,,,,,,,,,,,,,,,,,,,,,,,,,,,,,,,,,,,,,,,,,0,3.198771672,,,,,,,,,,,,
Guinea,GIN,"Intentional homicides (per 100,000 people)",VC.IHR.PSRC.P5,,,,,,,,,,,,,,,,,,,,,,,,,,,,,,,,,,,,,,,,,,,,,,,,,,,,,,,,,,,,,,,
"Gambia, The",GMB,"Intentional homicides (per 100,000 people)",VC.IHR.PSRC.P5,,,,,,,,,,,,,,,,,,,,,,,,,,,,,,,,,,,,,,,,,,,,,,,,,,,,,,,,,,,,,,,
Guinea-Bissau,GNB,"Intentional homicides (per 100,000 people)",VC.IHR.PSRC.P5,,,,,,,,,,,,,,,,,,,,,,,,,,,,,,,,,,,,,,,,,,,,,,,,,,,,,,,,,3.488591081,1.117124373,,,,,
Equatorial Guinea,GNQ,"Intentional homicides (per 100,000 people)",VC.IHR.PSRC.P5,,,,,,,,,,,,,,,,,,,,,,,,,,,,,,,,,,,,,,,,,,,,,,,,,,,,,,,,,,,,,,,
Greece,GRC,"Intentional homicides (per 100,000 people)",VC.IHR.PSRC.P5,,,,,,,,,,,,,,,,,,,,,,,,,,,,,,,1.009487729,1.328002462,1.307453017,1.419991905,1.249129308,1.407541271,1.564263629,1.866619722,1.608852344,1.409877685,,1.192176989,0.847105061,,0.998642341,1.187750246,0.990447316,1.172069494,1.300387357,1.374881778,1.595101154,1.672009145,1.514096443,1.401804232,0.984997793,0.860581933,0.781414103,0.804322504,0.931039984,0.737656733,0.741992757,0.852052561,
Grenada,GRD,"Intentional homicides (per 100,000 people)",VC.IHR.PSRC.P5,,,,,,,,,,,,,,,,,,,,,,,,,,,,,,,,,,,,,,,,,13.96232035,5.558875439,12.9352958,8.276623138,5.478626508,9.977007533,10.81197967,9.845647105,14.22494077,6.181042742,8.768929927,3.480742791,12.07807614,5.130638893,6.781241391,5.042885539,9.169264625,9.923875604,9.849143945,13.03743782,11.32109038,4.012519059,
Greenland,GRL,"Intentional homicides (per 100,000 people)",VC.IHR.PSRC.P5,,,,,,,,,,,,,,,,,,,,,,,,,,,,,,,,,23.34455668,21.54089179,10.77189612,19.71767869,5.360972123,19.61763447,10.69089937,19.60557155,23.13826,30.14932785,21.21453195,8.813911879,19.34372032,17.57870867,14.08177994,14.10735699,14.1398966,17.71730272,19.5205054,1.776593382,14.23525539,12.48016545,7.14892096,7.156339175,5.365190643,,,,,,
Guatemala,GTM,"Intentional homicides (per 100,000 people)",VC.IHR.PSRC.P5,,,,,,,,,,,,,,,,,,,,,,,,,,,,,,,,,27.86992774,32.86252419,32.08544178,31.45779878,34.03781292,36.66080076,29.59576521,23.16045673,24.74459977,26.8960598,29.54469117,33.70588935,35.06728082,40.64627733,43.87728957,42.20753513,45.00892059,45.56990468,40.98157473,38.29856614,34.07519652,33.42484045,33.42934273,,,32.78298335,28.89584147,25.64546619,18.96016456,19.9903643,
Guam,GUM,"Intentional homicides (per 100,000 people)",VC.IHR.PSRC.P5,,,,,,,,,,,,,,,,,,,,,,,,,,,,,,,,,,,,,,,,,1.248536871,4.95283968,1.23029604,4.896410319,5.487671032,4.257117749,6.679823896,0.60693054,0.607074236,3.038036213,1.819229253,2.414744429,,,,,,,,4.151247746,,,
Guyana,GUY,"Intentional homicides (per 100,000 people)",VC.IHR.PSRC.P5,,,,,,,,,,,,,,,,,,,,,,,,,,,,,,,12.04631406,25.80310484,14.09399757,15.65867829,14.40872208,14.50066816,11.67773951,11.51995932,14.93333192,12.00505532,10.01250245,10.52895496,18.80778379,27.47969757,17.2272198,18.69136735,20.1749152,15.20115423,20.95073924,15.57387742,18.71829172,17.46771831,18.68364952,20.73799153,19.8371754,19.73428906,18.70668316,15.06710759,14.13087482,17.02654012,19.69387934,16.28204985,
High income,HIC,"Intentional homicides (per 100,000 people)",VC.IHR.PSRC.P5,,,,,,,,,,,,,,,,,,,,,,,,,,,,,,,,,,,,,,,,,,,,,,,,,,,2.3,2.3,2.2,2.1,2,2.2,2.3,2.3,2.2,2.2,2.6,2.7,
"Hong Kong SAR, China",HKG,"Intentional homicides (per 100,000 people)",VC.IHR.PSRC.P5,,,,,,,,,,,,,,,,,,,,,,,,,,,,,,,2.346463567,1.553149712,1.7976973,1.41219559,1.556241851,1.169148759,1.215768326,1.583547009,0.977687715,0.948514555,0.638816733,0.970368261,1.007468848,0.755105329,0.650665265,0.490134282,0.502830613,0.257089401,0.510589267,0.662476153,0.490715832,0.236921762,0.373234394,0.849684448,0.367237867,0.297303786,0.376550227,0.321650345,0.641577854,0.320165568,0.293295889,0.306888506,
Honduras,HND,"Intentional homicides (per 100,000 people)",VC.IHR.PSRC.P5,,,,,,,,,,,,,,,,,,,,,,,,,,,,,,,9.806250809,13.54259137,17.86990884,22.78623074,29.7623389,26.38989277,,,,39.56855913,47.71114925,51.01010016,51.61036666,56.55467346,49.2861933,42.4608635,40.25719155,45.27752168,54.9879366,63.78889741,73.7906734,82.38905529,81.570758,71.76929102,64.53877155,55.38756204,54.43515729,40.13777311,38.09922546,41.1092509,35.79415957,38.34274689,
Heavily indebted poor countries (HIPC),HPC,"Intentional homicides (per 100,000 people)",VC.IHR.PSRC.P5,,,,,,,,,,,,,,,,,,,,,,,,,,,,,,,,,,,,,,,,,,,,,,,,,,,,,12.6,,8.3,8.1,,,,,,,
Croatia,HRV,"Intentional homicides (per 100,000 people)",VC.IHR.PSRC.P5,,,,,,,,,,,,,,,,,,,,,,,,,,,,,,,2.811002263,9.020497791,8.065321182,4.54886667,2.967158637,3.453225437,2.563763908,2.504578018,2.253251522,2.410251255,2.220544478,1.797300455,1.628421623,1.54669038,1.867959985,1.535099081,1.675133068,1.407321522,1.615963351,1.118177817,1.419192333,1.125960125,1.17739553,1.067569366,0.840341627,0.869603026,1.041728075,1.097206143,0.576855823,0.799079557,0.976355239,0.812780756,
Haiti,HTI,"Intentional homicides (per 100,000 people)",VC.IHR.PSRC.P5,,,,,,,,,,,,,,,,,,,,,,,,,,,,,,,,,,,,,,,,,,,,,,,,5.158783591,5.20090995,6.145537741,6.878068208,9.181950495,10.21908309,10.12551546,9.411547777,10.13843844,9.595058209,,6.746926947,,11.32061972,13.00712841,
Hungary,HUN,"Intentional homicides (per 100,000 people)",VC.IHR.PSRC.P5,,,,,,,,,,,,,,,,,,,,,,,,,,,,,,,1.937164643,2.959108304,2.941159311,2.877164251,3.026366907,2.866225833,2.628957776,2.809584084,2.816498816,2.473056393,2.009399087,2.495589733,2.000315025,2.253395957,2.070435933,1.628029829,1.73012746,1.533685586,1.805754671,1.388808472,1.381820549,1.456811395,1.249732038,1.55639829,1.479544637,2.244966247,2.058052464,1.634497542,0.879673232,0.654946166,0.820464645,0.772416611,
IBRD only,IBD,"Intentional homicides (per 100,000 people)",VC.IHR.PSRC.P5,,,,,,,,,,,,,,,,,,,,,,,,,,,,,,,,,,,,,,,,,,,,,,,,,,,,,5.8,,5.6,5.6,,,,,,,
IDA & IBRD total,IBT,"Intentional homicides (per 100,000 people)",VC.IHR.PSRC.P5,,,,,,,,,,,,,,,,,,,,,,,,,,,,,,,,,,,,,,,,,,,,,,,,,,,,,7,,5.9,5.9,,,,,,,
IDA total,IDA,"Intentional homicides (per 100,000 people)",VC.IHR.PSRC.P5,,,,,,,,,,,,,,,,,,,,,,,,,,,,,,,,,,,,,,,,,,,,,,,,,,,,,10.9,,7.1,6.9,,,,,,,
IDA blend,IDB,"Intentional homicides (per 100,000 people)",VC.IHR.PSRC.P5,,,,,,,,,,,,,,,,,,,,,,,,,,,,,,,,,,,,,,,,,,,,,,,,,,,,,11.9,,8,7.7,,,,,,,
Indonesia,IDN,"Intentional homicides (per 100,000 people)",VC.IHR.PSRC.P5,,,,,,,,,,,,,,,,,,,,,,,,,,,,,,,,,,,,,,,0.84577994,0.990535831,1.029558121,,,0.732920528,0.62804675,,,,,,,,,,,,,,,,,,
IDA only,IDX,"Intentional homicides (per 100,000 people)",VC.IHR.PSRC.P5,,,,,,,,,,,,,,,,,,,,,,,,,,,,,,,,,,,,,,,,,,,,,,,,,,,,,10.4,,6.7,6.5,,,,,,,
Isle of Man,IMN,"Intentional homicides (per 100,000 people)",VC.IHR.PSRC.P5,,,,,,,,,,,,,,,,,,,,,,,,,,,,,,,,,,,,,,,,,,,,,,,,,,,,1.185543483,2.371410278,2.376891857,3.575855821,1.196272415,0,,,,,,
India,IND,"Intentional homicides (per 100,000 people)",VC.IHR.PSRC.P5,,,,,,,,,,,,,,,,,,,,,,,,,,,,,,,5.073455128,5.464250011,5.474814984,5.175898191,5.020618843,4.810432851,4.770964721,4.730752602,4.825761843,4.592118937,4.545627523,4.302247607,4.164204411,3.967281189,4.091476642,3.905550671,3.835039683,3.812920257,3.811856573,3.7448918,3.744921001,3.788104108,3.72526295,3.55331583,3.62257613,3.354306716,3.161426203,3.028882799,2.993783858,2.92666093,2.911155454,2.936278893,
Not classified,INX,"Intentional homicides (per 100,000 people)",VC.IHR.PSRC.P5,,,,,,,,,,,,,,,,,,,,,,,,,,,,,,,,,,,,,,,,,,,,,,,,,,,,,,,,,,,,,,,
Ireland,IRL,"Intentional homicides (per 100,000 people)",VC.IHR.PSRC.P5,,,,,,,,,,,,,,,,,,,,,,,,,,,,,,,0.487752464,0.656242024,0.708543074,0.648673041,0.702366061,1.201291137,1.164490364,1.043913026,1.032982871,1.021529679,0.98170565,1.35805055,1.335299476,0.934649083,0.744056016,1.261763671,1.464057449,1.789058941,1.145451575,1.177832089,1.215581097,0.924193877,1.139214161,1.111393923,,0.664414801,0.720982445,0.817292484,0.806700663,0.653592235,0.66718977,0.441188916,
"Iran, Islamic Rep.",IRN,"Intentional homicides (per 100,000 people)",VC.IHR.PSRC.P5,,,,,,,,,,,,,,,,,,,,,,,,,,,,,,,,,,,,,,,,,,,,,,,,,,2.980247572,,,,2.596262866,2.421159978,,,,,,,,
Iraq,IRQ,"Intentional homicides (per 100,000 people)",VC.IHR.PSRC.P5,,,,,,,,,,,,,,,,,,,,,,,,,,,,,,,6.614422732,6.561555332,7.598307661,5.794001581,6.257385579,,,,,,,,,,,,,,15.72982405,8.432092789,8.607103019,8.135138173,7.964104655,9.410458452,,,,,,,,,
Iceland,ISL,"Intentional homicides (per 100,000 people)",VC.IHR.PSRC.P5,,,,,,,,,,,,,,,,,,,,,,,,,,,,,,,,,,,0,0,0.37155867,0.737040524,0,0.720393623,1.776438738,0.350584424,1.389863724,,,1.010004091,0,0.641327805,0,0.313675794,0.628272909,0.939575875,0.311546376,0.308618638,0.305209778,0.906181517,0.297907646,0.873026959,0.849988383,0.277181453,1.363627686,0.540051575,
Israel,ISR,"Intentional homicides (per 100,000 people)",VC.IHR.PSRC.P5,,,,,,,,,,,,,,,,,,,,,,,,,,,,,,,3.060425287,2.265916648,2.933423974,2.704777558,2.618637366,2.044267705,2.08463456,2.716216492,2.504470565,2.285585397,2.51759126,3.093949293,3.27214192,2.640554109,2.410556783,2.517081901,2.239436119,1.941886389,1.696227674,2.000082642,2.046818936,1.970575686,1.685961708,1.643656341,1.373373705,1.373664455,1.274664607,1.480276756,1.371728649,1.53347159,1.427349699,1.943807339,
Italy,ITA,"Intentional homicides (per 100,000 people)",VC.IHR.PSRC.P5,,,,,,,,,,,,,,,,,,,,,,,,,,,,,,,3.160868045,3.412302908,2.597074204,1.883260564,1.703472109,1.779023907,1.674898435,1.533575272,1.561327207,1.438228153,1.344652345,1.243968933,1.127696242,,,1.048112199,1.069657774,1.073522101,1.03842636,0.990550468,0.884283409,0.919602249,0.880542812,0.832330233,0.787430403,0.778644152,0.672004707,0.626624557,0.599558176,0.530739956,0.47898694,0.511475886,
Jamaica,JAM,"Intentional homicides (per 100,000 people)",VC.IHR.PSRC.P5,,,,,,,,,,,,,,,,,,,,,,,,,,,,,,,22.74219444,23.46729733,25.95936702,26.71750448,27.85625768,31.08347427,36.51949114,40.62694659,33.3389351,32.89333681,33.95598737,43.38377443,39.60968728,36.77819954,55.2172099,62.53588622,49.82041414,58.64014829,59.71144509,61.82041848,52.92812894,41.2574679,39.93018378,43.34453969,36.09209842,43.26441266,48.31063524,58.64600371,45.84195019,47.62288927,47.26220472,52.12727188,
Jordan,JOR,"Intentional homicides (per 100,000 people)",VC.IHR.PSRC.P5,,,,,,,,,,,,,,,,,,,,,,,,,,,,,,,3.447694311,3.30025892,3.646343474,4.048325723,4.604776907,0.785071088,0.976419364,0.887261773,,,,,,,,,,1.730142158,1.809170914,1.504315505,1.673577749,1.983128081,2.232432868,1.871390264,1.963496067,1.590436903,1.314646553,1.301958228,0.898673123,1.140327219,0.988221769,1.022579497,
Japan,JPN,"Intentional homicides (per 100,000 people)",VC.IHR.PSRC.P5,,,,,,,,,,,,,,,,,,,,,,,,,,,,,,,0.546543866,0.515015262,0.540802491,0.57301044,0.600227294,0.577196121,0.518587121,0.56336694,0.61357761,0.581565038,0.534684035,0.548534996,0.520024271,0.54665658,0.547499761,0.503136296,0.483963653,0.448414988,0.5106278,0.39495136,0.362982269,0.345292925,0.335539794,0.28978941,0.309860462,0.285263134,0.285053157,0.241586948,0.264542164,0.253593885,0.253902837,0.228708942,
Kazakhstan,KAZ,"Intentional homicides (per 100,000 people)",VC.IHR.PSRC.P5,,,,,,,,,,,,,,,,,,,,,,,,,,,,,,,8.745113038,8.897366756,11.03065189,15.22995375,15.2204993,14.88956893,16.25966153,16.31434642,16.35619991,15.56083062,15.25965785,14.13493695,12.82355267,12.91455662,13.47126943,,,,11.15671968,10.79722115,8.341433956,8.419845517,7.402268784,6.456919963,5.138612509,4.78248697,,4.995955733,,,3.192961911,,
Kenya,KEN,"Intentional homicides (per 100,000 people)",VC.IHR.PSRC.P5,,,,,,,,,,,,,,,,,,,,,,,,,,,,,,,,,,,,,,,,,,,,,3.448222738,3.0231836,2.995131773,2.89630092,3.100985713,4.725644125,4.638963456,5.326591602,5.42928808,,5.029252193,4.825887229,4.933743149,5.037985409,3.140933381,3.093140627,3.575977892,5.274912955,
Kyrgyz Republic,KGZ,"Intentional homicides (per 100,000 people)",VC.IHR.PSRC.P5,,,,,,,,,,,,,,,,,,,,,,,,,,,,,,,13.78952339,8.281241833,10.50695614,12.22165624,12.08283246,11.71679264,11.2109488,9.329208647,8.878634704,8.907410451,8.738572792,7.777806211,8.234034088,8.377317575,8.315150144,9.674228722,8.703493633,8.02409698,7.935346526,7.854225573,16.76410998,8.463323273,6.759661825,5.251851583,5.475213452,5.118200219,2.9962167,3.263471878,2.918770151,2.19768196,1.747343081,,
Cambodia,KHM,"Intentional homicides (per 100,000 people)",VC.IHR.PSRC.P5,,,,,,,,,,,,,,,,,,,,,,,,,,,,,,,,,4.414390914,5.847581852,2.848720797,3.635688282,4.846810171,2.773022671,6.795738857,4.88276059,4.711671685,3.29870049,3.383278888,3.980384135,3.925825559,3.38200425,2.967848041,2.865519424,2.388143021,2.338274003,2.304447123,1.83890575,,,,,,,,,,,
Kiribati,KIR,"Intentional homicides (per 100,000 people)",VC.IHR.PSRC.P5,,,,,,,,,,,,,,,,,,,,,,,,,,,,,,,,0,0,0,0,0,1.207270181,0,0,0,3.377408514,4.418376026,,,,,,,6.732970394,0.943436278,3.703875179,10.0117866,7.167334871,,,,,,,,,,
St. Kitts and Nevis,KNA,"Intentional homicides (per 100,000 people)",VC.IHR.PSRC.P5,,,,,,,,,,,,,,,,,,,,,,,,,,,,,,,,,,,,9.400705053,9.281280817,16.03463481,18.08706662,13.38523831,6.599062933,13.04759109,10.80753934,21.5375669,23.61553902,17.12127211,36.26744037,34.03169201,48.77479827,57.09874911,44.30099361,71.45634333,37.71450123,,,,62.7779231,48.13175545,48.15644564,25.15116901,20.98966259,29.40774894,
"Korea, Rep.",KOR,"Intentional homicides (per 100,000 people)",VC.IHR.PSRC.P5,,,,,,,,,,,,,,,,,,,,,,,,,,,,,,,0.471514622,0.486778539,0.536418631,0.681976121,0.494906389,0.502665613,0.539605512,0.603485935,0.81667114,0.826917464,0.790715345,0.865094106,0.783461813,0.813262065,0.87987162,0.858284335,0.865105343,0.892561607,0.887677621,1.095504844,0.99283756,0.819607492,0.876412094,0.702619647,0.745677604,0.73537485,0.693822083,0.584333966,0.597946084,0.573316689,0.59408205,0.520932425,
Kuwait,KWT,"Intentional homicides (per 100,000 people)",VC.IHR.PSRC.P5,,,,,,,,,,,,,,,,,,,,,,,,,,,,,,,,,,,,,0.93934337,,,,,1.958151786,1.123395742,1.379962751,1.996767558,1.834121596,1.904029307,2.353627319,1.433458931,1.752785677,2.038489052,1.876695089,1.796938312,,,,,1.115177333,0.857039847,0.360271145,0.252267859,,
Latin America & Caribbean (excluding high income),LAC,"Intentional homicides (per 100,000 people)",VC.IHR.PSRC.P5,,,,,,,,,,,,,,,,,,,,,,,,,,,,,,,,,,,,,,,,,,,,,,,,,,,,,22.3,,20.1,21.2,,,,,,,
Lao PDR,LAO,"Intentional homicides (per 100,000 people)",VC.IHR.PSRC.P5,,,,,,,,,,,,,,,,,,,,,,,,,,,,,,,,,,,,,,,,,,,,,,,,,,,,,,,,,,,,,,,
Lebanon,LBN,"Intentional homicides (per 100,000 people)",VC.IHR.PSRC.P5,,,,,,,,,,,,,,,,,,,,,,,,,,,,,,,,,,,,,,,,,,,,,,,,,3.744158959,2.928621713,3.262741029,3.329992439,3.746376129,4.155769877,3.825101993,3.609973184,3.75482165,4.026679864,2.890348739,3.14775066,2.260316601,,
Liberia,LBR,"Intentional homicides (per 100,000 people)",VC.IHR.PSRC.P5,,,,,,,,,,,,,,,,,,,,,,,,,,,,,,,,,,,,,,,,,,,,,,,,2.75274273,4.677728923,3.713125939,3.208990347,3.850615722,3.11653018,,,,,,,,,,
Libya,LBY,"Intentional homicides (per 100,000 people)",VC.IHR.PSRC.P5,,,,,,,,,,,,,,,,,,,,,,,,,,,,,,,,,,,,,,,,,,,,,,,,,,,,,,,,,,,,,,,
St. Lucia,LCA,"Intentional homicides (per 100,000 people)",VC.IHR.PSRC.P5,,,,,,,,,,,,,,,,,,,,,,,,,,,,,,,9.838300504,6.931520048,9.561535309,5.383743115,6.64180418,10.50227112,7.793776669,8.362602442,8.925440694,10.11023314,14.4200627,21.17146709,25.95805302,22.07959079,22.52814496,24.79056507,25.83055755,17.31157249,23.13496583,22.98342541,25.74077866,26.72158145,22.52720593,18.96786097,19.45041146,15.94324206,17.00550128,27.65806727,20.79960425,25.75825874,29.0119479,38.96432816,
Latin America & Caribbean,LCN,"Intentional homicides (per 100,000 people)",VC.IHR.PSRC.P5,,,,,,,,,,,,,,,,,,,,,,,,,,,,,,,,,,,,,,,,,,,,,,,,,,,23.8,24.2,24.4,23.7,23.3,22.6,23.5,23.9,23.1,20.9,20.1,19.5,
Least developed countries: UN classification,LDC,"Intentional homicides (per 100,000 people)",VC.IHR.PSRC.P5,,,,,,,,,,,,,,,,,,,,,,,,,,,,,,,,,,,,,,,,,,,,,,,,,,,,,10,,6.3,6.2,,,,,,,
Low income,LIC,"Intentional homicides (per 100,000 people)",VC.IHR.PSRC.P5,,,,,,,,,,,,,,,,,,,,,,,,,,,,,,,,,,,,,,,,,,,,,,,,,,,9.6,10.2,10.4,10.5,10.7,10.7,10.6,10.7,10.5,10.6,10.4,10.5,
Liechtenstein,LIE,"Intentional homicides (per 100,000 people)",VC.IHR.PSRC.P5,,,,,,,,,,,,,,,,,,,,,,,,,,,,,,,,,,,0,0,0,0,0,3.066073892,0,0,0,0,2.915451895,,,0,2.824818858,0,2.783499415,0,0,0,2.695672098,0,0,2.639323278,2.619103743,2.598617535,2.580245639,5.123016432,
Sri Lanka,LKA,"Intentional homicides (per 100,000 people)",VC.IHR.PSRC.P5,,,,,,,,,,,,,,,,,,,,,,,,,,,,,,,11.53795137,,,,,8.879073375,9.687539466,10.0329975,,10.27829515,,,,,,6.196036915,10.28649913,,9.869049008,5.365562118,3.691597732,3.509151659,3.216421334,2.929240643,2.603644717,2.282452568,2.473688588,2.259749091,2.381756671,3.427304923,,,
Lower middle income,LMC,"Intentional homicides (per 100,000 people)",VC.IHR.PSRC.P5,,,,,,,,,,,,,,,,,,,,,,,,,,,,,,,,,,,,,,,,,,,,,,,,,,,5.4,5.5,5.4,5.3,5.3,5.1,5,4.7,4.6,4.5,4.4,4.5,
Low & middle income,LMY,"Intentional homicides (per 100,000 people)",VC.IHR.PSRC.P5,,,,,,,,,,,,,,,,,,,,,,,,,,,,,,,,,,,,,,,,,,,,,,,,,,,,,6.8,,5.6,5.7,,,,,,,
Lesotho,LSO,"Intentional homicides (per 100,000 people)",VC.IHR.PSRC.P5,,,,,,,,,,,,,,,,,,,,,,,,,,,,,,,28.84940887,30.00804314,34.43624372,35.2695709,43.59791107,,,,,,,,,,,,,45.12305486,37.69398052,,,,,,,,,,,,,,
Late-demographic dividend,LTE,"Intentional homicides (per 100,000 people)",VC.IHR.PSRC.P5,,,,,,,,,,,,,,,,,,,,,,,,,,,,,,,,,,,,,,,,,,,,,,,,,,,,,5,,4.6,4.8,,,,,,,
Lithuania,LTU,"Intentional homicides (per 100,000 people)",VC.IHR.PSRC.P5,,,,,,,,,,,,,,,,,,,,,,,,,,,,,,,4.754550303,5.641339206,7.007853406,10.98051948,12.33272417,13.3964282,10.88118233,10.58216667,8.484493497,8.503158001,10.27881565,9.915334838,8.333809754,,10.02164734,11.0270153,8.66704595,8.464690095,9.242094017,7.923334818,6.976703068,6.806896257,6.594107545,6.538560417,5.308976595,5.803430063,5.215304293,3.442992649,3.198745535,3.299307181,3.581221846,2.583747047,
Luxembourg,LUX,"Intentional homicides (per 100,000 people)",VC.IHR.PSRC.P5,,,,,,,,,,,,,,,,,,,,,,,,,,,,,,,,,,,1.492375825,0.490634403,0.968050697,0.955996668,0.944346141,1.397466161,0.918214623,2.039662368,1.345555462,0.66467044,0.436882971,0.860475047,1.48178411,1.458732965,1.637212196,1.00428226,1.972116248,0.771893803,0,0.184139851,0.719334544,0.87810575,0.857116899,0.335411487,0.493491667,0.645189387,0.475888702,0.62566379,
Latvia,LVA,"Intentional homicides (per 100,000 people)",VC.IHR.PSRC.P5,,,,,,,,,,,,,,,,,,,,,,,,,,,,,,,,,9.726298578,14.66526532,13.35147036,11.20556948,10.57496436,10.88488078,10.15295632,9.438042855,9.94763074,9.282612967,9.199774391,,,,,,,,,,3.408588474,2.461251896,3.182434552,3.363530643,3.496368844,4.14351393,4.339671234,3.391501055,3.689935753,3.041753672,
"Macao SAR, China",MAC,"Intentional homicides (per 100,000 people)",VC.IHR.PSRC.P5,,,,,,,,,,,,,,,,,,,,,,,,,,,,,,,,3.311345082,0.805651376,3.151984765,3.343797705,2.01693723,4.204829618,7.286868213,5.730987449,8.695284336,2.3153749,1.821817172,0.444775555,1.72960632,0.841167583,0.818633741,1.992577648,1.164302486,0.75608864,0.920774703,0.35887507,0.700521714,0.686381252,0.168527917,0.16551715,0.162538461,0.159568909,0.313180679,0.307223909,0.301362535,0.295734182,0.43693117,
St. Martin (French part),MAF,"Intentional homicides (per 100,000 people)",VC.IHR.PSRC.P5,,,,,,,,,,,,,,,,,,,,,,,,,,,,,,,,,,,,,,,,,,,,,,,,,,,,22.00825309,5.551546106,22.44700403,22.68827725,17.13306682,28.72655195,,,,,,
Morocco,MAR,"Intentional homicides (per 100,000 people)",VC.IHR.PSRC.P5,,,,,,,,,,,,,,,,,,,,,,,,,,,,,,,0.362218369,0.496236556,0.519671219,0.573492769,0.702248504,,,2.671813875,2.000588302,1.916456923,1.614461343,1.876938055,1.576694059,1.719413902,1.56493874,1.541145867,1.615151418,1.655319934,1.346610129,1.348193547,1.389194133,1.340274843,1.148351101,1.269098321,1.036538614,1.242774821,1.691957563,2.141965626,1.419524999,1.727063029,1.248338337,1.931137967,
Monaco,MCO,"Intentional homicides (per 100,000 people)",VC.IHR.PSRC.P5,,,,,,,,,,,,,,,,,,,,,,,,,,,,,,,,,,,,,,,,,,3.082281505,,,,,,0,0,,,,,,,,,,,,,,
Moldova,MDA,"Intentional homicides (per 100,000 people)",VC.IHR.PSRC.P5,,,,,,,,,,,,,,,,,,,,,,,,,,,,,,,6.472927483,6.457463408,11.10146562,8.612077961,8.945885757,9.010964798,9.028947936,9.422390399,8.613691773,9.084704413,10.18446584,9.784547129,9.668143972,7.79192483,6.84458384,7.397444183,6.645111481,5.597337834,6.190290582,6.560887907,7.204638373,6.008133511,6.529442869,6.702706152,4.822761276,5.766787454,6.201313872,4.433256847,5.283533169,3.891312115,3.014736225,,
Madagascar,MDG,"Intentional homicides (per 100,000 people)",VC.IHR.PSRC.P5,,,,,,,,,,,,,,,,,,,,,,,,,,,,,,,,,,,,,,,,,,,,,,,,,,,,,,,,,,,,,,,
Maldives,MDV,"Intentional homicides (per 100,000 people)",VC.IHR.PSRC.P5,,,,,,,,,,,,,,,,,,,,,,,,,,,,,,,0.444529399,,,,,0.774569339,,2.23015165,,,,2.436278272,2.737068634,,,,,0.922719192,1.484194809,1.719015463,1.659409057,0.801195384,2.580382129,0.74863748,,0.918311592,3.962553866,7.196650594,,0.594638737,,,
Middle East & North Africa,MEA,"Intentional homicides (per 100,000 people)",VC.IHR.PSRC.P5,,,,,,,,,,,,,,,,,,,,,,,,,,,,,,,,,,,,,,,,,,,,,,,,,,,2.9,3.8,3.7,3.9,3.9,3.7,3.8,4,4,3.8,3.5,3.9,
Mexico,MEX,"Intentional homicides (per 100,000 people)",VC.IHR.PSRC.P5,,,,,,,,,,,,,,,,,,,,,,,,,,,,,,,17.73485572,18.14962258,19.52392312,18.51158405,17.93478276,17.35253327,15.83747746,14.54341063,14.4100362,12.71503001,10.97028963,10.34767712,9.996325597,9.847764226,8.974868473,9.408928343,9.778570392,8.187217538,12.76935344,17.83259965,22.88851912,23.83958417,22.43254813,19.66311298,16.84969093,17.2800814,20.20997147,26.11461568,29.58137063,29.30879721,29.18531406,28.17565299,
Marshall Islands,MHL,"Intentional homicides (per 100,000 people)",VC.IHR.PSRC.P5,,,,,,,,,,,,,,,,,,,,,,,,,,,,,,,,10.62620209,4.16536499,,4.012881349,,,,,,,,,,,,,,,,,,,,,,,,,,,,
Middle income,MIC,"Intentional homicides (per 100,000 people)",VC.IHR.PSRC.P5,,,,,,,,,,,,,,,,,,,,,,,,,,,,,,,,,,,,,,,,,,,,,,,,,,,,,6.3,,5.4,5.5,,,,,,,
North Macedonia,MKD,"Intentional homicides (per 100,000 people)",VC.IHR.PSRC.P5,,,,,,,,,,,,,,,,,,,,,,,,,,,,,,,,,,,,,,,2.384684957,1.877675842,2.306255522,2.678505336,2.90593911,3.379777104,2.360450981,,2.210395538,2.015850343,1.677669784,1.674811434,2.053654837,1.430547287,1.381295732,1.046514974,1.662478014,1.185979633,0.900390295,1.467817973,1.18287705,1.135194043,,,
Mali,MLI,"Intentional homicides (per 100,000 people)",VC.IHR.PSRC.P5,,,,,,,,,,,,,,,,,,,,,,,,,,,,,,,,,,,,,,,,,,,,,,,,,,,,,,,,,,,,,,,
Malta,MLT,"Intentional homicides (per 100,000 people)",VC.IHR.PSRC.P5,,,,,,,,,,,,,,,,,,,,,,,,,,,,,,,1.094716215,0.813736965,1.613425854,1.865465307,0.792470474,,,,1.27394215,2.525364126,1.001975144,1.491975039,1.482585184,,1.71233505,0.975115064,0,0.970682948,1.451373544,0.962695548,0.955212475,0.708263786,2.791301374,1.599908577,1.343962584,0.87608155,1.069049935,1.668415027,1.627385646,0.992783457,1.358279099,0.3796882,
Myanmar,MMR,"Intentional homicides (per 100,000 people)",VC.IHR.PSRC.P5,,,,,,,,,,,,,,,,,,,,,,,,,,,,,,,5.102301265,,,,,3.761644131,,,,,2.285986232,1.990662749,1.751282212,1.628154525,1.569548776,1.416464088,1.615778499,1.546062555,1.623247165,1.793297968,1.621753345,2.118706975,2.859521904,2.444305497,2.408344102,2.528943535,2.580341878,2.662161341,2.756996191,2.863864873,2.940670081,28.43781548,
Middle East & North Africa (excluding high income),MNA,"Intentional homicides (per 100,000 people)",VC.IHR.PSRC.P5,,,,,,,,,,,,,,,,,,,,,,,,,,,,,,,,,,,,,,,,,,,,,,,,,,,,,4.2,,3.9,3.7,,,,,,,
Montenegro,MNE,"Intentional homicides (per 100,000 people)",VC.IHR.PSRC.P5,,,,,,,,,,,,,,,,,,,,,,,,,,,,,,,,,,,,,,,,,,,4.267175778,,,,,1.898967041,3.800676679,3.327091077,2.37701333,3.323899789,2.685409774,1.577422665,3.153109478,2.681529702,4.421540165,2.371773992,2.217103528,3.648500308,2.861469126,2.389073334,
Mongolia,MNG,"Intentional homicides (per 100,000 people)",VC.IHR.PSRC.P5,,,,,,,,,,,,,,,,,,,,,,,,,,,,,,,,,,,,,,,,,,,,13.63029359,13.12083103,15.5514007,13.0169895,11.32158166,8.048939068,8.21235885,8.843597827,9.694098353,7.126616336,7.310677614,7.337685994,7.218150207,6.073500246,6.169191863,6.194707886,6.341978998,6.222803692,6.153326866,
Northern Mariana Islands,MNP,"Intentional homicides (per 100,000 people)",VC.IHR.PSRC.P5,,,,,,,,,,,,,,,,,,,,,,,,,,,,,,,,,,,,,,,,,,,,,,,,,,,,,,,,,,,,,,,
Mozambique,MOZ,"Intentional homicides (per 100,000 people)",VC.IHR.PSRC.P5,,,,,,,,,,,,,,,,,,,,,,,,,,,,,,,,,,,,,,,,,,6.037084217,5.563000824,5.441253757,5.737668563,5.38812444,4.311346231,3.989565477,4.554699086,3.66810398,3.79219253,3.573169011,,,,,,,,,,,
Mauritania,MRT,"Intentional homicides (per 100,000 people)",VC.IHR.PSRC.P5,,,,,,,,,,,,,,,,,,,,,,,,,,,,,,,,,,,,,,,,,,,,,,,,,,,,,,,,,,,1.241011012,1.094928349,1.02253955,,
Mauritius,MUS,"Intentional homicides (per 100,000 people)",VC.IHR.PSRC.P5,,,,,,,,,,,,,,,,,,,,,,,,,,,,,,,1.834374341,2.626194296,2.771038889,1.853074162,2.353636499,2.154786967,2.899682911,2.026587134,2.594402785,1.908059727,2.138280107,,,,,,,,,2.969057344,2.57143525,2.48788033,2.172657187,2.711724684,1.470459058,1.623937771,1.622986434,2.548773287,2.856301406,2.082884934,2.696814484,2.617570287,
Malawi,MWI,"Intentional homicides (per 100,000 people)",VC.IHR.PSRC.P5,,,,,,,,,,,,,,,,,,,,,,,,,,,,,,,,,,,,,,,,,6.23364392,7.826891085,4.811405424,2.481807318,3.311487186,1.567932826,6.258429775,5.112829401,5.615784242,2.237929378,3.532987556,2.264610268,1.790613661,,,,,,,,,,
Malaysia,MYS,"Intentional homicides (per 100,000 people)",VC.IHR.PSRC.P5,,,,,,,,,,,,,,,,,,,,,,,,,,,,,,,1.786830086,2.131265473,1.975526359,1.889756141,1.71527436,1.966540212,2.160563144,2.541274833,2.883926498,2.628678448,2.401378941,2.19602692,2.340276637,2.283805336,1.961848791,2.329929065,2.218080046,2.40656089,2.158016278,1.98814879,1.880371398,1.81605532,2.029655116,2.080650424,1.666314971,1.602892545,1.446405995,1.185271139,0.996935996,0.945006145,0.762048353,0.723777076,
North America,NAC,"Intentional homicides (per 100,000 people)",VC.IHR.PSRC.P5,,,,,,,,,,,,,,,,,,,,,,,,,,,,,,,,,,,,,,,,,,,,,,,,,,,4.4,4.4,4.4,4.2,4.1,4.6,5,4.9,4.6,4.7,6,6.3,
Namibia,NAM,"Intentional homicides (per 100,000 people)",VC.IHR.PSRC.P5,,,,,,,,,,,,,,,,,,,,,,,,,,,,,,,,,,,,23.23451191,21.39307719,19.31206526,23.44533521,21.31275912,20.88898002,19.01527282,18.32117658,,18.14989181,,,,17.36527137,18.76281935,14.95757693,14.44422221,17.90105515,,,,,,19.78650116,13.03826526,12.17308439,12.44985229,
New Caledonia,NCL,"Intentional homicides (per 100,000 people)",VC.IHR.PSRC.P5,,,,,,,,,,,,,,,,,,,,,,,,,,,,,,,,,,,,,,,,,,,,,,,3.25687149,4.812184451,4.346511825,3.11312513,,,,,,,,,,,,,
Niger,NER,"Intentional homicides (per 100,000 people)",VC.IHR.PSRC.P5,,,,,,,,,,,,,,,,,,,,,,,,,,,,,,,,,,,,,,,,,,,,,,,,,,,,4.808161863,4.388894604,,,,,,,,,,
Nigeria,NGA,"Intentional homicides (per 100,000 people)",VC.IHR.PSRC.P5,,,,,,,,,,,,,,,,,,,,,,,,,,,,,,,,,,,,,,,,,,,,,,,,,,,,,,,,,33.6041932,,,21.74078874,,,
Nicaragua,NIC,"Intentional homicides (per 100,000 people)",VC.IHR.PSRC.P5,,,,,,,,,,,,,,,,,,,,,,,,,,,,,,,15.89471643,16.91590082,18.65750868,16.8334976,15.6747945,14.97269442,13.75615429,13.86857028,12.84537784,11.10917927,9.291027278,10.34131341,10.5343111,11.92922419,11.99356209,13.36467524,13.05650292,12.73305253,12.9401042,13.89794214,13.40566472,12.4189048,11.15973898,9.706867314,8.455909799,8.319311694,7.090050687,6.650689068,10.37699138,7.728179373,,11.00643161,
Netherlands,NLD,"Intentional homicides (per 100,000 people)",VC.IHR.PSRC.P5,,,,,,,,,,,,,,,,,,,,,,,,,,,,,,,0.903339465,1.176346738,1.273869795,1.258926741,1.114044363,1.249460361,1.357907294,1.330782241,1.119408123,1.283795562,1.132137063,1.263950699,1.214420553,1.252512854,1.179300947,1.069990212,0.784040993,0.872417617,0.911257493,0.931289717,0.866576314,0.856211955,0.863851159,0.741076608,0.725489043,0.610288973,0.548920976,0.767120829,0.578501412,0.627762244,0.613723635,0.651365463,
Norway,NOR,"Intentional homicides (per 100,000 people)",VC.IHR.PSRC.P5,,,,,,,,,,,,,,,,,,,,,,,,,,,,,,,1.108063152,1.173189385,1.073122322,0.881233802,0.760940333,0.963450253,0.981396824,0.862590766,0.857463503,0.739555046,1.068756323,0.819669044,1.01356469,,0.783924837,0.713715823,0.707989284,0.636999951,0.712989452,0.600513605,0.593078447,2.240812216,0.537949766,0.905392666,0.564430358,0.462395984,0.51560276,0.530565047,0.47060418,0.523532946,0.576225422,0.536736763,
Nepal,NPL,"Intentional homicides (per 100,000 people)",VC.IHR.PSRC.P5,,,,,,,,,,,,,,,,,,,,,,,,,,,,,,,1.804600508,,,,,,,2.473180242,2.742230964,2.609435046,2.585557471,3.39797071,3.38699657,2.947485542,3.599451084,3.340294182,2.300240081,3.14820267,3.318261778,2.982209492,2.993199969,2.490244495,2.34900731,2.213168682,2.031890781,2.020983056,2.146355148,2.189229978,2.21000584,2.285615548,,,
Nauru,NRU,"Intentional homicides (per 100,000 people)",VC.IHR.PSRC.P5,,,,,,,,,,,,,,,,,,,,,,,,,,,,,,,,,,,,,,,,,,,,,,,,,,,,,,,,,,,,,,,
New Zealand,NZL,"Intentional homicides (per 100,000 people)",VC.IHR.PSRC.P5,,,,,,,,,,,,,,,,,,,,,,,,,,,,,,,1.864610606,1.539585976,1.885223123,1.159006148,1.570078651,1.061544253,1.287395659,1.589045333,1.286074387,1.173863996,1.348804466,1.311196059,1.519532258,1.094543427,1.10256055,1.476003689,1.172254974,1.137038214,1.197116077,1.55709429,0.989338497,0.890153058,0.929645242,1.03355829,0.952550787,1.04561723,1.07110395,0.737424049,1.55005884,2.601313078,,,
OECD members,OED,"Intentional homicides (per 100,000 people)",VC.IHR.PSRC.P5,,,,,,,,,,,,,,,,,,,,,,,,,,,,,,,,,,,,,,,,,,,,,,,,,,,,,5,,4.2,4.5,,,,,,,
Oman,OMN,"Intentional homicides (per 100,000 people)",VC.IHR.PSRC.P5,,,,,,,,,,,,,,,,,,,,,,,,,,,,,,,,,,,,,,,,,,,1.164890936,1.439381477,1.701193468,2.107194997,4.725363624,1.419963653,1.772896821,1.371621594,1.665559474,1.060223832,1.103072665,2.541475838,0.299306544,0.38169974,0.363795938,0.374296488,0.282537662,0.499699311,0.308139381,0.243337475,
Other small states,OSS,"Intentional homicides (per 100,000 people)",VC.IHR.PSRC.P5,,,,,,,,,,,,,,,,,,,,,,,,,,,,,,,,,,,,,,,,,,,,,,,,,,,,,11.4,,10,9.2,,,,,,,
Pakistan,PAK,"Intentional homicides (per 100,000 people)",VC.IHR.PSRC.P5,,,,,,,,,,,,,,,,,,,,,,,,,,,,,,,7.112651027,,,,,,6.603280926,6.583161671,7.043081037,6.234031557,5.769258543,6.025082873,5.798013733,5.600542851,5.633798855,5.609842465,5.642725262,5.802406389,6.485706021,6.569949672,6.783077859,6.978755751,6.847477104,6.78736022,6.374980191,4.496388854,3.988294767,3.805810671,3.750486739,3.651251851,3.736849385,3.978788154,
Panama,PAN,"Intentional homicides (per 100,000 people)",VC.IHR.PSRC.P5,,,,,,,,,,,,,,,,,,,,,,,,,,,,,,,11.3470893,11.75039523,12.17515626,11.8120828,12.13654021,13.88036451,8.947882374,11.13864734,9.739438818,9.683601076,9.960917557,9.996654714,12.04745737,10.59212826,9.49646827,11.01072396,6.56064058,8.13028505,14.10474965,15.78943302,12.69449659,14.88339712,16.9646714,17.3489542,15.53181354,11.9026605,10.05877179,9.228373685,9.627262872,11.34072938,11.64307953,12.73192383,
Peru,PER,"Intentional homicides (per 100,000 people)",VC.IHR.PSRC.P5,,,,,,,,,,,,,,,,,,,,,,,,,,,,,,,,,,,,,,,,,,,,,,,,,,,,5.485498599,6.61521744,6.701330935,6.839307232,7.316391064,7.821338529,7.868886942,7.613974239,7.265834382,5.71389864,,
Philippines,PHL,"Intentional homicides (per 100,000 people)",VC.IHR.PSRC.P5,,,,,,,,,,,,,,,,,,,,,,,,,,,,,,,15.07661817,13.81192015,12.84869396,11.73972485,9.528415424,,,,7.937773814,7.479436026,7.356504218,7.349350312,8.061701232,,,,,6.656887377,6.377919581,9.777620302,9.134933959,8.811691775,8.654288973,,,,10.63644496,7.746033422,5.204992711,4.315967818,,,
Palau,PLW,"Intentional homicides (per 100,000 people)",VC.IHR.PSRC.P5,,,,,,,,,,,,,,,,,,,,,,,,,,,,,,,,,,,,,,,,,,,,,,,,,,,,,,,,16.8596156,0,0,11.1953875,,,,
Papua New Guinea,PNG,"Intentional homicides (per 100,000 people)",VC.IHR.PSRC.P5,,,,,,,,,,,,,,,,,,,,,,,,,,,,,,,,,,,,,,,9.768762494,8.456440312,8.441809833,7.651151033,7.976111038,9.998391064,,9.278610357,9.093324717,7.51329293,8.44775926,9.471537791,9.402277567,,,,,,,,,,,,
Poland,POL,"Intentional homicides (per 100,000 people)",VC.IHR.PSRC.P5,,,,,,,,,,,,,,,,,,,,,,,,,,,,,,,1.78382582,2.224412487,2.240389536,2.361734381,2.389547966,2.221239779,2.273354144,2.101774347,1.977592986,1.931953722,2.220523659,2.007094043,1.8526436,,,,,,0.846250277,1.003753454,0.994886877,1.09267412,1.05887573,0.790004961,0.743872657,0.772958969,0.674761863,0.744819766,0.708695945,0.657252098,0.692197,0.712649985,
Pre-demographic dividend,PRE,"Intentional homicides (per 100,000 people)",VC.IHR.PSRC.P5,,,,,,,,,,,,,,,,,,,,,,,,,,,,,,,,,,,,,,,,,,,,,,,,,,,,,13.3,,8.2,8.1,,,,,,,
Puerto Rico,PRI,"Intentional homicides (per 100,000 people)",VC.IHR.PSRC.P5,,,,,,,,,,,,,,,,,,,,,,,,,,,,,,,16.9310951,22.83111722,23.91610099,26.17271744,27.06931663,23.3201748,23.25325026,19.25778783,17.22480631,15.56383673,19.17897023,20.92830334,21.40559863,21.38210754,22.08519331,21.6788125,20.65113585,20.50092175,23.25940665,25.5687475,27.70364736,31.93725021,27.74749398,25.56003871,19.77522257,17.55622495,20.50839555,21.62542389,20.00440458,19.22325595,16.99492704,,
"Korea, Dem. People's Rep.",PRK,"Intentional homicides (per 100,000 people)",VC.IHR.PSRC.P5,,,,,,,,,,,,,,,,,,,,,,,,,,,,,,,,,,,,,,,,,,,,,,,,,,,,,,,,,,,,,,,
Portugal,PRT,"Intentional homicides (per 100,000 people)",VC.IHR.PSRC.P5,,,,,,,,,,,,,,,,,,,,,,,,,,,,,,,1.547552797,1.522600012,1.429710723,1.399618944,1.427415735,1.084442395,1.050790348,1.125309201,1.227968345,1.065142867,1.126145204,1.012358584,1.140839678,,,1.282865774,,,,,1.171092784,1.079052319,1.159465908,1.376076433,0.883903842,0.9647448,0.63874555,0.737325043,0.787184634,0.709431936,0.786545871,0.796882208,
Paraguay,PRY,"Intentional homicides (per 100,000 people)",VC.IHR.PSRC.P5,,,,,,,,,,,,,,,,,,,,,,,,,,,,,,,,,,,,,,,,,19.41910907,25.21327185,25.95283753,24.00409172,22.32141415,16.19535801,13.40638791,14.00679356,14.75603474,14.39700612,12.8453766,11.24241811,10.95668951,10.05719279,9.489845291,9.987131654,10.67561908,8.512440751,7.713405246,8.483885938,7.267293628,7.831380386,
West Bank and Gaza,PSE,"Intentional homicides (per 100,000 people)",VC.IHR.PSRC.P5,,,,,,,,,,,,,,,,,,,,,,,,,,,,,,,,,,,,1.181787736,4.38917257,1.580492647,1.524949185,1.773698417,1.337599426,1.733704263,2.568374666,,2.77446624,2.343843211,,,1.233978463,1.128379304,0.976885878,0.733901055,0.693089965,0.56051272,0.547885851,1.204117144,0.413596619,0.723258603,0.499422906,0.712863697,0.956289311,0.876613358,
Pacific island small states,PSS,"Intentional homicides (per 100,000 people)",VC.IHR.PSRC.P5,,,,,,,,,,,,,,,,,,,,,,,,,,,,,,,,,,,,,,,,,,,,,,,,,,,,,4,,3.5,3.4,,,,,,,
Post-demographic dividend,PST,"Intentional homicides (per 100,000 people)",VC.IHR.PSRC.P5,,,,,,,,,,,,,,,,,,,,,,,,,,,,,,,,,,,,,,,,,,,,,,,,,,,,,2.2,,1.9,2.3,,,,,,,
French Polynesia,PYF,"Intentional homicides (per 100,000 people)",VC.IHR.PSRC.P5,,,,,,,,,,,,,,,,,,,,,,,,,,,,,,,,,,,,,,,,,,,,,,,1.09130196,2.516378931,3.207887125,0.354255046,,,,,,,,,,,,,
Qatar,QAT,"Intentional homicides (per 100,000 people)",VC.IHR.PSRC.P5,,,,,,,,,,,,,,,,,,,,,,,,,,,,,,,0.905644315,0.876260035,1.273094734,0.822976686,0.998636861,,,,0.34423556,0.489155424,0.15481386,0.736560352,,,0.642720198,0.706955262,0.492581719,0.730582636,0.83086526,0.496809705,0.23343985,0.221708413,0.367326805,0.442151697,0.406418798,0.248491193,0.462398166,0.442517934,0.361437248,0.391844644,0.434721968,0.334792159,
Romania,ROU,"Intentional homicides (per 100,000 people)",VC.IHR.PSRC.P5,,,,,,,,,,,,,,,,,,,,,,,,,,,,,,,3.485688577,3.616069313,3.679669144,3.243601611,3.428655857,3.363935083,3.220645174,3.109082356,2.531446568,2.568173726,2.536510641,3.206776529,3.029528855,3.240024356,2.287535671,2.05288541,1.707365943,1.827014066,1.466196785,1.260607795,1.308075928,1.013833386,1.05278223,1.08638527,1.625338436,1.702997361,1.54562472,1.294491613,1.275068939,1.249730399,1.445321693,1.262380643,
Russian Federation,RUS,"Intentional homicides (per 100,000 people)",VC.IHR.PSRC.P5,,,,,,,,,,,,,,,,,,,,,,,,,,,,,,,14.2866116,15.23757288,22.80172337,30.2624756,32.1644059,30.46430828,26.36585081,23.65486456,22.72118917,25.94403233,27.98191634,29.35059616,30.39491621,28.81334554,27.19432704,24.78163264,20.12297184,17.73156028,12.71118783,12.3348356,11.65156184,11.2824271,11.31175393,11.13736388,11.44678379,11.50631458,10.93245966,9.139063756,8.214082865,7.686170067,7.345966383,6.799319558,
Rwanda,RWA,"Intentional homicides (per 100,000 people)",VC.IHR.PSRC.P5,,,,,,,,,,,,,,,,,,,,,,,,,,,,,,,,,,,,,,,,,,,,,,,3.441183884,2.814189416,1.472092124,,2.822767727,,2.361550853,3.233841075,3.764804732,2.516542401,3.285586305,3.842902474,2.274213038,3.147636297,3.590347033,,
South Asia,SAS,"Intentional homicides (per 100,000 people)",VC.IHR.PSRC.P5,,,,,,,,,,,,,,,,,,,,,,,,,,,,,,,,,,,,,,,,,,,,,,,,,,,4,4,4,3.9,3.9,3.5,3.2,3.1,3.1,3,3,3,
Saudi Arabia,SAU,"Intentional homicides (per 100,000 people)",VC.IHR.PSRC.P5,,,,,,,,,,,,,,,,,,,,,,,,,,,,,,,,,,,,,,,,0.875787614,0.802881481,1.036859237,1.259756761,1.079874074,1.272092141,1.217330657,1.004614549,1.003785293,,,,,,,,,,,0.639668597,0.795481398,,,
Sudan,SDN,"Intentional homicides (per 100,000 people)",VC.IHR.PSRC.P5,,,,,,,,,,,,,,,,,,,,,,,,,,,,,,,,,,,,,,,,,,,,,,,,4.669255554,5.148083939,,,,,,,,,,,,,,
Senegal,SEN,"Intentional homicides (per 100,000 people)",VC.IHR.PSRC.P5,,,,,,,,,,,,,,,,,,,,,,,,,,,,,,,,,,,,,,,,,,,,,,,,,,,,,,,,0.267518152,,,,,,,
Singapore,SGP,"Intentional homicides (per 100,000 people)",VC.IHR.PSRC.P5,,,,,,,,,,,,,,,,,,,,,,,,,,,,,,,1.555153863,1.634290622,1.331998856,1.739583718,1.424992951,1.523755776,0.903638583,1.010463751,1.034582872,0.983239176,1.011445992,0.776446967,0.742196048,0.638839527,0.468340038,,0.378907512,0.385996435,0.558035484,0.399145509,0.367961086,0.302953188,0.204422799,0.310329151,0.251323871,0.247786821,0.315129747,0.190823572,0.154784479,0.204554578,0.169208474,0.10099207,
Solomon Islands,SLB,"Intentional homicides (per 100,000 people)",VC.IHR.PSRC.P5,,,,,,,,,,,,,,,,,,,,,,,,,,,,,,,,,,,,,,,,,,,,,4.239219136,5.388757394,4.661253533,5.152402109,3.682163407,,,,,,,,,,,,,,
Sierra Leone,SLE,"Intentional homicides (per 100,000 people)",VC.IHR.PSRC.P5,,,,,,,,,,,,,,,,,,,,,,,,,,,,,,,,,,,,,,,,,,,,,2.024097971,1.74193528,1.738449723,2.256209986,3.020919622,2.524025165,2.532354322,2.828026713,1.664558349,,,1.695199564,,,,,2.137486405,,
El Salvador,SLV,"Intentional homicides (per 100,000 people)",VC.IHR.PSRC.P5,,,,,,,,,,,,,,,,,,,,,,,,,,,,,,,,,,,134.7786542,138.7739857,117.161231,112.500552,94.88397147,64.90709086,59.59571582,59.95228867,47.16137591,55.68416064,64.56630933,64.29476084,65.07650425,57.85777972,52.38872998,71.93999528,65.2106232,71.21968062,42.10157972,40.62633752,63.14491129,106.8196036,84.40911222,63.223527,53.31130352,38.18339398,21.31030232,18.16549846,
San Marino,SMR,"Intentional homicides (per 100,000 people)",VC.IHR.PSRC.P5,,,,,,,,,,,,,,,,,,,,,,,,,,,,,,,,,,,,0,0,0,0,0,0,0,3.575387036,0,0,0,0,0,0,0,0,0,,,,,,,,,,,
Somalia,SOM,"Intentional homicides (per 100,000 people)",VC.IHR.PSRC.P5,,,,,,,,,,,,,,,,,,,,,,,,,,,,,,,,,,,,,,,,,,,,,,,,,,,,,,,,,,,,,,,
Serbia,SRB,"Intentional homicides (per 100,000 people)",VC.IHR.PSRC.P5,,,,,,,,,,,,,,,,,,,,,,,,,,,,,,,,,,,,,,,,,2.873337969,3.069036847,2.530278419,2.231389231,2.085613281,1.877168321,2.001336405,2.204126899,1.812815414,2.003112759,1.72464512,1.69270935,1.449017727,1.837002261,1.564165239,1.329876364,1.54805207,1.152061386,1.412463959,1.189019593,1.141613871,1.055261655,
Sub-Saharan Africa (excluding high income),SSA,"Intentional homicides (per 100,000 people)",VC.IHR.PSRC.P5,,,,,,,,,,,,,,,,,,,,,,,,,,,,,,,,,,,,,,,,,,,,,,,,,,,,,14.4,,9.5,9.4,,,,,,,
South Sudan,SSD,"Intentional homicides (per 100,000 people)",VC.IHR.PSRC.P5,,,,,,,,,,,,,,,,,,,,,,,,,,,,,,,,,,,,,,,,,,,,,,,,,,,,,14.05396733,,,,,,,,,,
Sub-Saharan Africa,SSF,"Intentional homicides (per 100,000 people)",VC.IHR.PSRC.P5,,,,,,,,,,,,,,,,,,,,,,,,,,,,,,,,,,,,,,,,,,,,,,,,,,,13.6,13.6,13.7,13.6,13.7,13.7,13.6,13.8,13.6,13.5,13.2,13.9,
Small states,SST,"Intentional homicides (per 100,000 people)",VC.IHR.PSRC.P5,,,,,,,,,,,,,,,,,,,,,,,,,,,,,,,,,,,,,,,,,,,,,,,,,,,,,14.4,,13,13,,,,,,,
Sao Tome and Principe,STP,"Intentional homicides (per 100,000 people)",VC.IHR.PSRC.P5,,,,,,,,,,,,,,,,,,,,,,,,,,,,,,,6.647665423,5.687172988,9.550490258,6.241125899,6.122480217,,,,,,,,,,,,2.413644331,2.355095396,8.04581517,2.806970269,3.294196449,3.225034871,,,,,,,,,,,
Suriname,SUR,"Intentional homicides (per 100,000 people)",VC.IHR.PSRC.P5,,,,,,,,,,,,,,,,,,,,,,,,,,,,,,,,,,,,,,,,,14.19628663,16.20866918,11.49967922,11.9099607,9.009503067,13.36640712,11.8768827,8.523599004,8.053369492,,,,,5.142327205,5.617168877,5.908162822,7.051300793,6.127039049,6.400382676,4.997497087,9.059985339,5.70976917,
Slovak Republic,SVK,"Intentional homicides (per 100,000 people)",VC.IHR.PSRC.P5,,,,,,,,,,,,,,,,,,,,,,,,,,,,,,,1.767622291,2.424138434,,2.574288179,2.416268341,2.39252493,2.463472948,2.609102899,2.383133152,2.623441041,2.399245856,2.194754518,2.251076517,2.549133383,2.009328307,1.729833007,1.524947159,1.524622089,1.598027217,1.447412578,1.649240312,1.776896075,1.386505255,1.440512645,1.328518928,0.884883236,1.104727525,1.470745989,1.230092355,1.393492099,1.154548081,1.009614837,
Slovenia,SVN,"Intentional homicides (per 100,000 people)",VC.IHR.PSRC.P5,,,,,,,,,,,,,,,,,,,,,,,,,,,,,,,2.06442621,2.010254812,2.410437193,1.305427642,2.05880241,2.209827101,1.908908398,1.809201599,0.704126534,1.258646271,1.814206141,1.412367395,1.81472925,1.05558855,1.352216621,0.997616445,0.595956584,1.186222617,0.491634108,0.635517199,0.729115401,0.774648467,0.676539635,0.579045921,0.771115182,0.961140143,0.478464321,0.905455225,0.42736585,0.662595961,0.519445931,0.424646582,
Sweden,SWE,"Intentional homicides (per 100,000 people)",VC.IHR.PSRC.P5,,,,,,,,,,,,,,,,,,,,,,,,,,,,,,,1.111318362,1.338116343,1.319402908,1.243751803,1.146334072,0.993321284,1.126857586,0.98775311,1.04206393,1.141387901,1.082172576,0.977885348,1.131524358,0.948501237,1.188326084,0.916950977,0.999481642,1.211225441,0.888477589,0.999848088,0.969970409,0.855568656,0.711595815,0.901654193,0.89253577,1.13713105,1.064971607,1.123462571,1.062751752,1.081036703,1.195875829,1.079573448,
Eswatini,SWZ,"Intentional homicides (per 100,000 people)",VC.IHR.PSRC.P5,,,,,,,,,,,,,,,,,,,,,,,,,,,,,,,19.08640521,19.10731737,18.80745597,18.24949578,15.93729931,,,,16.41533789,11.19435961,12.42119697,17.66859101,12.75208566,12.75031947,13.69909928,12.96779695,11.78397834,11.1622741,19.91063154,17.0794037,18.91046622,15.56037947,9.357196584,9.120832249,10.48083029,9.877100648,10.15295959,11.2906959,,,,12.66490588,
Sint Maarten (Dutch part),SXM,"Intentional homicides (per 100,000 people)",VC.IHR.PSRC.P5,,,,,,,,,,,,,,,,,,,,,,,,,,,,,,,,,,,,,,,,,,,,,,,,,,,,,,,,,,,,,,,
Seychelles,SYC,"Intentional homicides (per 100,000 people)",VC.IHR.PSRC.P5,,,,,,,,,,,,,,,,,,,,,,,,,,,,,,,,,,,,,,,,,,,,,11.80435463,,10.33378113,9.057509525,6.693141761,15.3795452,9.739363803,17.05266075,4.196875426,18.6115764,16.32636402,7.053607416,11.93928872,6.875518733,8.729304274,9.58106781,8.528380555,4.696136489,
Syrian Arab Republic,SYR,"Intentional homicides (per 100,000 people)",VC.IHR.PSRC.P5,,,,,,,,,,,,,,,,,,,,,,,,,,,,,,,,,,,,,,1.959746217,2.167666067,2.075314875,2.189156086,2.247735347,2.144019749,2.29965263,2.355672612,2.313873434,2.29518214,2.574505426,2.463437339,2.180763236,2.072741822,,,,,,,,,,,,
Turks and Caicos Islands,TCA,"Intentional homicides (per 100,000 people)",VC.IHR.PSRC.P5,,,,,,,,,,,,,,,,,,,,,,,,,,,,,,,0,0,7.68403258,7.29687329,13.88647804,6.622078008,6.326911518,12.10983621,0,0,0,0,9.709680552,0,,0,,7.613826709,7.293414047,6.997778205,,,,11.90671092,5.716735744,,,,,,,,
Chad,TCD,"Intentional homicides (per 100,000 people)",VC.IHR.PSRC.P5,,,,,,,,,,,,,,,,,,,,,,,,,,,,,,,,,,,,,,,,,,,,,,,,,,,,,,,,,,,,,,,
East Asia & Pacific (IDA & IBRD countries),TEA,"Intentional homicides (per 100,000 people)",VC.IHR.PSRC.P5,,,,,,,,,,,,,,,,,,,,,,,,,,,,,,,,,,,,,,,,,,,,,,,,,,,,,2.1,,1.5,1.4,,,,,,,
Europe & Central Asia (IDA & IBRD countries),TEC,"Intentional homicides (per 100,000 people)",VC.IHR.PSRC.P5,,,,,,,,,,,,,,,,,,,,,,,,,,,,,,,,,,,,,,,,,,,,,,,,,,,,,5.2,,5.1,5.7,,,,,,,
Togo,TGO,"Intentional homicides (per 100,000 people)",VC.IHR.PSRC.P5,,,,,,,,,,,,,,,,,,,,,,,,,,,,,,,,,,,,,,,,,,,,,,,,,,,,,,,,,,,,,,,
Thailand,THA,"Intentional homicides (per 100,000 people)",VC.IHR.PSRC.P5,,,,,,,,,,,,,,,,,,,,,,,,,,,,,,,9.676179431,9.956704032,10.4649478,9.488764486,8.540919782,7.643269078,7.430524101,7.84894247,8.682453898,8.090623762,8.153285251,7.886894765,7.066050601,9.93254453,6.542526025,7.301581073,7.067300316,6.636563603,5.902426722,5.460552277,5.352239345,4.812782751,,,,,,,,,,,
Tajikistan,TJK,"Intentional homicides (per 100,000 people)",VC.IHR.PSRC.P5,,,,,,,,,,,,,,,,,,,,,,,,,,,,,,,3.100855033,2.663640435,10.69621297,22.80595239,10.95797419,7.352726163,8.019087416,8.141154542,7.974916209,5.767772515,4.511399134,3.635620341,2.751555412,2.457852513,2.087865619,2.265791975,2.748881071,1.83629423,1.365257234,1.29877155,2.374773503,1.61853474,,,,,,,,,0.911643224,,
Turkmenistan,TKM,"Intentional homicides (per 100,000 people)",VC.IHR.PSRC.P5,,,,,,,,,,,,,,,,,,,,,,,,,,,,,,,8.924063078,8.006737172,7.538770867,8.234742752,7.452148076,6.364419065,7.765467987,8.204098726,7.785143577,7.131622536,5.843560659,5.350484801,5.128785179,4.895999412,4.336286711,4.216321873,4.097674842,,,,1.993177827,1.865389223,1.447235798,1.510765689,1.571562974,1.092530103,,,,,,,
Latin America & the Caribbean (IDA & IBRD countries),TLA,"Intentional homicides (per 100,000 people)",VC.IHR.PSRC.P5,,,,,,,,,,,,,,,,,,,,,,,,,,,,,,,,,,,,,,,,,,,,,,,,,,,,,23.6,,22.9,22.7,,,,,,,
Timor-Leste,TLS,"Intentional homicides (per 100,000 people)",VC.IHR.PSRC.P5,,,,,,,,,,,,,,,,,,,,,,,,,,,,,,,,,,,,,,,,,,,,,2.431319197,4.745626673,4.92677951,6.082235751,3.355458588,3.003172101,3.582956702,,,,,4.063648343,,,,,,,
Middle East & North Africa (IDA & IBRD countries),TMN,"Intentional homicides (per 100,000 people)",VC.IHR.PSRC.P5,,,,,,,,,,,,,,,,,,,,,,,,,,,,,,,,,,,,,,,,,,,,,,,,,,,,,4.2,,3.9,3.8,,,,,,,
Tonga,TON,"Intentional homicides (per 100,000 people)",VC.IHR.PSRC.P5,,,,,,,,,,,,,,,,,,,,,,,,,,,,,,,,,,,,2.00047011,1.99610759,1.986926027,,,0.974635121,5.813418338,5.78012408,5.746548479,1.904109067,3.786677522,7.53366607,0.937756418,3.740695021,7.466587023,0.931241764,1.858554695,0.930215252,,,,,,9.510178268,0.952830144,,,
South Asia (IDA & IBRD),TSA,"Intentional homicides (per 100,000 people)",VC.IHR.PSRC.P5,,,,,,,,,,,,,,,,,,,,,,,,,,,,,,,,,,,,,,,,,,,,,,,,,,,,,3.9,,3.7,3.6,,,,,,,
Sub-Saharan Africa (IDA & IBRD countries),TSS,"Intentional homicides (per 100,000 people)",VC.IHR.PSRC.P5,,,,,,,,,,,,,,,,,,,,,,,,,,,,,,,,,,,,,,,,,,,,,,,,,,,,,14.4,,9.5,9.4,,,,,,,
Trinidad and Tobago,TTO,"Intentional homicides (per 100,000 people)",VC.IHR.PSRC.P5,,,,,,,,,,,,,,,,,,,,,,,,,,,,,,,,,,,,,,,,,9.007639604,11.28072035,12.70465358,16.91849864,19.10117931,28.19420843,26.94420407,28.23389071,39.27333559,36.18350389,33.53905847,24.78838326,26.56643198,28.24957773,27.91830759,28.76364604,31.5109715,33.47745547,34.35880293,35.46157617,26.28203988,29.36428294,
Tunisia,TUN,"Intentional homicides (per 100,000 people)",VC.IHR.PSRC.P5,,,,,,,,,,,,,,,,,,,,,,,,,,,,,,,,,,,,,,,,,,,,,1.894634148,2.502804946,2.375147827,2.580244054,2.621629445,2.364503626,2.625042307,,2.971081267,,,,,,,4.738859189,4.62105575,,
Turkiye,TUR,"Intentional homicides (per 100,000 people)",VC.IHR.PSRC.P5,,,,,,,,,,,,,,,,,,,,,,,,,,,,,,,,,,,,,,,,,,,,4.242729786,4.298881428,4.810441356,4.551636964,5.107219757,4.566694992,,4.186058553,4.126791093,4.272196348,,,2.806161001,3.337472486,3.095389658,2.609610131,2.419692444,2.505484387,2.519598742,
Tuvalu,TUV,"Intentional homicides (per 100,000 people)",VC.IHR.PSRC.P5,,,,,,,,,,,,,,,,,,,,,,,,,,,,,,,,,,,,,,,,,,,0,0,0,0,0,0,0,0,9.479122233,9.345357694,18.4255378,,,,,,,0,,,
Tanzania,TZA,"Intentional homicides (per 100,000 people)",VC.IHR.PSRC.P5,,,,,,,,,,,,,,,,,,,,,,,,,,,,,,,,,,,,6.904434221,7.331233864,7.408958063,,,,,,7.440954898,7.627562445,,,,,,8.618830715,8.938721959,8.56315286,7.50604369,,7.129422727,6.321481835,5.592973164,4.706454038,4.541310973,3.70475303,,
Uganda,UGA,"Intentional homicides (per 100,000 people)",VC.IHR.PSRC.P5,,,,,,,,,,,,,,,,,,,,,,,,,,,,,,,,,,,,8.26852654,8.498994509,8.771795501,,,,,,,,,,8.926822616,9.154417021,10.29207463,9.770659131,11.27171291,11.86346396,10.93453257,12.30992291,,11.56695937,11.80000989,10.83212625,10.98510143,10.04400196,8.531467135,
Ukraine,UKR,"Intentional homicides (per 100,000 people)",VC.IHR.PSRC.P5,,,,,,,,,,,,,,,,,,,,,,,,,,,,,,,4.958342845,5.12455132,6.507656678,7.138109232,8.202011165,8.6308085,9.672810564,8.433435364,8.432860181,8.617173045,9.038506749,10.02591495,8.954376918,8.488489395,7.378026563,6.458817789,6.348653635,5.713290253,5.353544927,4.884017237,4.351726356,,5.14466887,,6.3014869,,,6.160253037,4.504245718,4.116613761,3.867030054,3.843200895,
Upper middle income,UMC,"Intentional homicides (per 100,000 people)",VC.IHR.PSRC.P5,,,,,,,,,,,,,,,,,,,,,,,,,,,,,,,,,,,,,,,,,,,,,,,,,,,7.4,7.3,7.4,7.1,7,6.8,7.1,7.3,7.1,6.5,6.4,6.5,
Uruguay,URY,"Intentional homicides (per 100,000 people)",VC.IHR.PSRC.P5,,,,,,,,,,,,,,,,,,,,,,,,,,,,,,,6.608892329,6.187459614,5.770940587,,,5.953308606,6.353371091,7.488284533,7.478507719,6.587448532,6.500164251,6.604181416,6.986363888,5.951297541,6.035365431,5.726919385,6.080158156,5.82818773,6.624451029,6.758057937,6.114564266,5.919734058,7.920187059,7.689622012,7.901731939,8.61051173,7.821274217,8.26953301,12.28464664,11.49221279,9.856852547,8.901835953,
United States,USA,"Intentional homicides (per 100,000 people)",VC.IHR.PSRC.P5,,,,,,,,,,,,,,,,,,,,,,,,,,,,,,,9.447616662,9.819916298,9.311244629,9.477557525,8.893766289,8.132934887,7.303398946,6.684399746,6.153678439,5.559822362,5.519150073,6.667238973,5.628224663,,,,5.774419052,5.657596527,5.386089026,4.991377395,4.730980591,4.670943805,4.691595776,4.483441897,4.398293846,4.892981977,5.321655653,5.243923549,4.929848302,4.985946527,6.420751134,6.807466393,
Uzbekistan,UZB,"Intentional homicides (per 100,000 people)",VC.IHR.PSRC.P5,,,,,,,,,,,,,,,,,,,,,,,,,,,,,,,5.466711505,5.03931245,5.303838617,5.157132251,5.402235546,5.024709781,4.913507355,4.414236381,4.390525946,4.12149752,4.284759242,4.281451873,4.136200711,3.717299346,3.666868084,3.424474145,3.197555567,2.984296813,2.997099143,,,,,,,1.634925762,2.406721691,1.850015285,1.460727869,1.200838841,1.339232858,1.405456675,
St. Vincent and the Grenadines,VCT,"Intentional homicides (per 100,000 people)",VC.IHR.PSRC.P5,,,,,,,,,,,,,,,,,,,,,,,,,,,,,,,9.778864318,15.96027664,15.89804057,12.32166589,11.40916331,17.51712299,20.99912066,7.875634973,21.02229677,12.28129427,17.57276222,10.55956917,17.62898911,15.91399371,25.75316919,23.20548006,17.94905162,36.093265,14.50385485,20.93964375,22.87125769,,,,,,37.74920373,36.94983823,32.29467945,18.10843138,31.53895778,30.67131848,
"Venezuela, RB",VEN,"Intentional homicides (per 100,000 people)",VC.IHR.PSRC.P5,,,,,,,,,,,,,,,,,,,,,,,,,,,,,,,12.52621505,12.37008598,15.77742679,20.27196169,21.87069232,20.2693361,21.97844991,18.33961503,19.35855616,24.92598195,32.83972965,31.99330809,37.96544608,43.99188373,37.05733424,37.36203275,45.22531029,47.79637929,52.2269894,49.36830544,45.55107079,48.45313088,54.53602876,,63.02731452,51.27463354,56.62384941,47.98217452,,40.98484646,29.42740101,19.30505593,
British Virgin Islands,VGB,"Intentional homicides (per 100,000 people)",VC.IHR.PSRC.P5,,,,,,,,,,,,,,,,,,,,,,,,,,,,,,,6.403483495,0,0,0,0,11.31573736,11.03722303,,,5.105687736,,4.841091182,4.697592484,9.098560153,17.60912152,,8.222838935,,,,,,,,,,,,,,,,
Virgin Islands (U.S.),VIR,"Intentional homicides (per 100,000 people)",VC.IHR.PSRC.P5,,,,,,,,,,,,,,,,,,,,,,,,,,,,,,,,,,,,,,28.35940823,23.39323561,25.04011055,21.25987891,25.92448568,38.05969803,28.89419134,34.66269451,34.74798321,40.37009046,40.37312277,43.19978964,46.96290869,52.75951084,42.66231827,49.63110725,,,,,,,,,,
Viet Nam,VNM,"Intentional homicides (per 100,000 people)",VC.IHR.PSRC.P5,,,,,,,,,,,,,,,,,,,,,,,,,,,,,,,,,,,,,,,,,,1.257865157,1.323126813,1.299772057,1.291439874,1.266506463,1.248335347,1.377971615,1.275742053,1.425715002,1.528411546,1.537083848,,,,,,,,,,,
Vanuatu,VUT,"Intentional homicides (per 100,000 people)",VC.IHR.PSRC.P5,,,,,,,,,,,,,,,,,,,,,,,,,,,,,,,,,,,,,,,,,,,,,,,,,,,,,,,,,,,,0.657020511,0.320836742,,
World,WLD,"Intentional homicides (per 100,000 people)",VC.IHR.PSRC.P5,,,,,,,,,,,,,,,,,,,,,,,,,,,,,,,,,,,,,,,,,6.854248582,6.943723418,6.906000623,6.729341778,6.504204151,6.293981484,6.178188546,6.012406023,6.010090245,6.066836418,6.04961649,6.083969712,6.113175523,6.032025006,6.032096376,5.911968893,5.947845376,5.906905873,5.774733653,5.564134104,5.605310066,,
Samoa,WSM,"Intentional homicides (per 100,000 people)",VC.IHR.PSRC.P5,,,,,,,,,,,,,,,,,,,,,,,,,,,,,,,,,,,,,,,,,,,,,,,,,,8.282602394,8.218974015,,,3.000915279,,,,3.371389904,6.199302817,,,,
Kosovo,XKX,"Intentional homicides (per 100,000 people)",VC.IHR.PSRC.P5,,,,,,,,,,,,,,,,,,,,,,,,,,,,,,,,,,,,,,,,,,,,,,,,,6.266046347,4.061272925,5.913322409,3.445711701,4.96849834,2.270619649,3.093695667,2.387554701,2.170531832,2.771897921,2.573156596,1.422762661,2.214642558,,
"Yemen, Rep.",YEM,"Intentional homicides (per 100,000 people)",VC.IHR.PSRC.P5,,,,,,,,,,,,,,,,,,,,,,,,,,,,,,,,,,,,,,,3.492704096,5.652913902,3.741538493,,,3.487082119,3.115744707,,,,,4.119920739,4.441490546,5.39731924,6.16243731,6.311146879,,,,,,,,,
South Africa,ZAF,"Intentional homicides (per 100,000 people)",VC.IHR.PSRC.P5,,,,,,,,,,,,,,,,,,,,,,,,,,,,,,,,,,,60.0097326,61.10341625,57.02885254,54.07082649,54.80002782,48.7526265,46.47827868,45.32104514,45.22097173,41.21066858,38.70370813,37.79901717,38.60440919,36.80287467,35.76329398,32.7667476,30.69040087,29.65868364,30.50708427,31.5980275,32.53269883,33.41833984,33.70300206,35.90318812,36.66224942,36.71213836,33.96487358,41.86572812,
Zambia,ZMB,"Intentional homicides (per 100,000 people)",VC.IHR.PSRC.P5,,,,,,,,,,,,,,,,,,,,,,,,,,,,,,,7.15549449,8.679690305,9.511616278,9.007465012,9.806216882,,,,9.303883838,11.1420167,8.057719966,,,,,,,,5.399532116,6.096971735,5.901935142,6.049426973,6.002173804,5.690852417,5.24215816,5.249802594,,,,,,,
Zimbabwe,ZWE,"Intentional homicides (per 100,000 people)",VC.IHR.PSRC.P5,,,,,,,,,,,,,,,,,,,,,,,,,,,,,,,5.803897668,,,,,,,,,,,12.83689773,13.54232967,11.26216723,11.15050747,11.04316836,8.693896187,,,,5.537482154,,7.3952169,,,,,,4.876368771,5.145035456,4.977770426,6.139985159,
